CNPJ,Cliente
00184852000186,DE MARCHI SÃO PAULO
00303646000148,DE MARCHI SÃO PAULO
00317831000191,DE MARCHI SÃO PAULO
00338915000705,DE MARCHI SÃO PAULO
00344753000203,DE MARCHI SÃO PAULO
00389026000173,DE MARCHI SÃO PAULO
00393388000219,DE MARCHI SÃO PAULO
00518356000111,DE MARCHI SÃO PAULO
00518356000200,DE MARCHI SÃO PAULO
00547543000123,DE MARCHI SÃO PAULO
00569739000119,DE MARCHI SÃO PAULO
00584392000183,DE MARCHI SÃO PAULO
00588153000100,DE MARCHI SÃO PAULO
00635032000163,DE MARCHI SÃO PAULO
00647021000101,DE MARCHI SÃO PAULO
00648966000130,DE MARCHI SÃO PAULO
00746771000122,DE MARCHI SÃO PAULO
00847705000149,DE MARCHI SÃO PAULO
00863730000116,DE MARCHI SÃO PAULO
00873386000227,DE MARCHI SÃO PAULO
00874830000148,DE MARCHI SÃO PAULO
00877598000100,DE MARCHI SÃO PAULO
00916622000164,DE MARCHI SÃO PAULO
00937624000130,DE MARCHI SÃO PAULO
00939085000178,DE MARCHI SÃO PAULO
00943155000242,DE MARCHI SÃO PAULO
00966053000161,DE MARCHI SÃO PAULO
01002248000154,DE MARCHI SÃO PAULO
01021094000148,DE MARCHI SÃO PAULO
01061276000142,DE MARCHI SÃO PAULO
01098080000122,DE MARCHI SÃO PAULO
01098356000172,DE MARCHI SÃO PAULO
01116583000183,DE MARCHI SÃO PAULO
01219203000136,DE MARCHI SÃO PAULO
01219203000217,DE MARCHI SÃO PAULO
01238035000126,DE MARCHI SÃO PAULO
01242829000163,DE MARCHI SÃO PAULO
01244295000104,DE MARCHI SÃO PAULO
01273335000146,DE MARCHI SÃO PAULO
01300221000148,DE MARCHI SÃO PAULO
01371508000592,DE MARCHI SÃO PAULO
01384145000104,DE MARCHI SÃO PAULO
01495237000153,DE MARCHI SÃO PAULO
01495237000234,DE MARCHI SÃO PAULO
01495237000404,DE MARCHI SÃO PAULO
01495237000587,DE MARCHI SÃO PAULO
01495237000668,DE MARCHI SÃO PAULO
01505046000125,DE MARCHI SÃO PAULO
01540533001605,DE MARCHI SÃO PAULO
01542264000130,DE MARCHI SÃO PAULO
01545288000142,DE MARCHI SÃO PAULO
01583150000723,DE MARCHI SÃO PAULO
01588719000158,DE MARCHI SÃO PAULO
01594132000151,DE MARCHI SÃO PAULO
01597973000112,DE MARCHI SÃO PAULO
01722066000158,DE MARCHI SÃO PAULO
01738195000134,DE MARCHI SÃO PAULO
01784885000120,DE MARCHI SÃO PAULO
01899150000141,DE MARCHI SÃO PAULO
01926121000121,DE MARCHI SÃO PAULO
01957338000107,DE MARCHI SÃO PAULO
01984422000101,DE MARCHI SÃO PAULO
01415767000144,DE MARCHI SÃO PAULO
01495207000147,DE MARCHI SÃO PAULO
02012468000121,DE MARCHI SÃO PAULO
02076928000185,DE MARCHI SÃO PAULO
02077498000116,DE MARCHI SÃO PAULO
02141056000191,DE MARCHI SÃO PAULO
02188488000158,DE MARCHI SÃO PAULO
02207617000108,DE MARCHI SÃO PAULO
02217561000172,DE MARCHI SÃO PAULO
02223966003643,DE MARCHI SÃO PAULO
02324625000134,DE MARCHI SÃO PAULO
02402269000120,DE MARCHI SÃO PAULO
02433261000120,DE MARCHI SÃO PAULO
02441128000116,DE MARCHI SÃO PAULO
02450828000177,DE MARCHI SÃO PAULO
02469630000135,DE MARCHI SÃO PAULO
02534263000106,DE MARCHI SÃO PAULO
02534585000155,DE MARCHI SÃO PAULO
02543381000180,DE MARCHI SÃO PAULO
02652491000180,DE MARCHI SÃO PAULO
02662449000140,DE MARCHI SÃO PAULO
02686565000108,DE MARCHI SÃO PAULO
02714345000132,DE MARCHI SÃO PAULO
02731684000127,DE MARCHI SÃO PAULO
02739414000162,DE MARCHI SÃO PAULO
02765837000157,DE MARCHI SÃO PAULO
02786709000190,DE MARCHI SÃO PAULO
02804624000197,DE MARCHI SÃO PAULO
02837295000180,DE MARCHI SÃO PAULO
02852506000405,DE MARCHI SÃO PAULO
02857364000207,DE MARCHI SÃO PAULO
02870737000190,DE MARCHI SÃO PAULO
02883035000141,DE MARCHI SÃO PAULO
02905110000713,DE MARCHI SÃO PAULO
02905110002333,DE MARCHI SÃO PAULO
02922678000238,DE MARCHI SÃO PAULO
02936977000140,DE MARCHI SÃO PAULO
02954549000140,DE MARCHI SÃO PAULO
02990020000182,DE MARCHI SÃO PAULO
03007712000120,DE MARCHI SÃO PAULO
03007712000201,DE MARCHI SÃO PAULO
03007712000473,DE MARCHI SÃO PAULO
03007712000554,DE MARCHI SÃO PAULO
03014513000140,DE MARCHI SÃO PAULO
03022380000153,DE MARCHI SÃO PAULO
03116607000715,DE MARCHI SÃO PAULO
03116607001282,DE MARCHI SÃO PAULO
03131470000182,DE MARCHI SÃO PAULO
03131470000344,DE MARCHI SÃO PAULO
03135476000128,DE MARCHI SÃO PAULO
03254122000100,DE MARCHI SÃO PAULO
03299453000159,DE MARCHI SÃO PAULO
03307750000107,DE MARCHI SÃO PAULO
03321599000153,DE MARCHI SÃO PAULO
03344803000151,DE MARCHI SÃO PAULO
03377317000130,DE MARCHI SÃO PAULO
03385873000158,DE MARCHI SÃO PAULO
03416171000194,DE MARCHI SÃO PAULO
03449222000184,DE MARCHI SÃO PAULO
03459794000144,DE MARCHI SÃO PAULO
03471454000139,DE MARCHI SÃO PAULO
03485324000155,DE MARCHI SÃO PAULO
03496297000116,DE MARCHI SÃO PAULO
03526833000189,DE MARCHI SÃO PAULO
03620704000155,DE MARCHI SÃO PAULO
03620748000185,DE MARCHI SÃO PAULO
03669326000102,DE MARCHI SÃO PAULO
03681505000157,DE MARCHI SÃO PAULO
03720882000158,DE MARCHI SÃO PAULO
03721769000197,DE MARCHI SÃO PAULO
03721769000782,DE MARCHI SÃO PAULO
03721769001169,DE MARCHI SÃO PAULO
03721769001320,DE MARCHI SÃO PAULO
03730048000143,DE MARCHI SÃO PAULO
03760542000231,DE MARCHI SÃO PAULO
03760542000312,DE MARCHI SÃO PAULO
03787288000184,DE MARCHI SÃO PAULO
03912413000300,DE MARCHI SÃO PAULO
03912413000564,DE MARCHI SÃO PAULO
03974724000124,DE MARCHI SÃO PAULO
03977546000195,DE MARCHI SÃO PAULO
03771831000155,DE MARCHI SÃO PAULO
04009504000123,DE MARCHI SÃO PAULO
04027102000151,DE MARCHI SÃO PAULO
04027102000232,DE MARCHI SÃO PAULO
04115641000142,DE MARCHI SÃO PAULO
04127762000376,DE MARCHI SÃO PAULO
04146231000169,DE MARCHI SÃO PAULO
04160140000188,DE MARCHI SÃO PAULO
04163766001543,DE MARCHI SÃO PAULO
04177834000128,DE MARCHI SÃO PAULO
04185184000162,DE MARCHI SÃO PAULO
04201140000189,DE MARCHI SÃO PAULO
04216407000101,DE MARCHI SÃO PAULO
04222536000102,DE MARCHI SÃO PAULO
04226527000190,DE MARCHI SÃO PAULO
04252539000199,DE MARCHI SÃO PAULO
04266538000101,DE MARCHI SÃO PAULO
04301359000150,DE MARCHI SÃO PAULO
04331236000161,DE MARCHI SÃO PAULO
04403312000105,DE MARCHI SÃO PAULO
04404812000153,DE MARCHI SÃO PAULO
04450947000155,DE MARCHI SÃO PAULO
04485411000175,DE MARCHI SÃO PAULO
04505604000140,DE MARCHI SÃO PAULO
04551964000260,DE MARCHI SÃO PAULO
04601165000501,DE MARCHI SÃO PAULO
04606375000150,DE MARCHI SÃO PAULO
04635974000100,DE MARCHI SÃO PAULO
04669666000198,DE MARCHI SÃO PAULO
04672729000165,DE MARCHI SÃO PAULO
04675604000199,DE MARCHI SÃO PAULO
04675604000601,DE MARCHI SÃO PAULO
04676343000121,DE MARCHI SÃO PAULO
04685515000123,DE MARCHI SÃO PAULO
04698426000111,DE MARCHI SÃO PAULO
04731614000285,DE MARCHI SÃO PAULO
04785156000186,DE MARCHI SÃO PAULO
04813506000170,DE MARCHI SÃO PAULO
04821676000105,DE MARCHI SÃO PAULO
04843468000107,DE MARCHI SÃO PAULO
04886969002459,DE MARCHI SÃO PAULO
04887419000320,DE MARCHI SÃO PAULO
04887419000400,DE MARCHI SÃO PAULO
04887419000591,DE MARCHI SÃO PAULO
04887419000834,DE MARCHI SÃO PAULO
04916188000173,DE MARCHI SÃO PAULO
04917482000108,DE MARCHI SÃO PAULO
04923296000173,DE MARCHI SÃO PAULO
04998127000100,DE MARCHI SÃO PAULO
04887419000168,DE MARCHI SÃO PAULO
05010108000189,DE MARCHI SÃO PAULO
05032501000173,DE MARCHI SÃO PAULO
05078144000184,DE MARCHI SÃO PAULO
05083289000173,DE MARCHI SÃO PAULO
05083358000149,DE MARCHI SÃO PAULO
05085380000128,DE MARCHI SÃO PAULO
05087553000228,DE MARCHI SÃO PAULO
05088847000193,DE MARCHI SÃO PAULO
05097651000165,DE MARCHI SÃO PAULO
05109680000108,DE MARCHI SÃO PAULO
05153067000180,DE MARCHI SÃO PAULO
05155739000358,DE MARCHI SÃO PAULO
05158031000199,DE MARCHI SÃO PAULO
05217683000157,DE MARCHI SÃO PAULO
05234477000155,DE MARCHI SÃO PAULO
05267639000151,DE MARCHI SÃO PAULO
05297480000207,DE MARCHI SÃO PAULO
05297480000622,DE MARCHI SÃO PAULO
05297480001947,DE MARCHI SÃO PAULO
05297480002161,DE MARCHI SÃO PAULO
05299894000267,DE MARCHI SÃO PAULO
05302733000102,DE MARCHI SÃO PAULO
05302733000102,DE MARCHI SÃO PAULO
05313575000188,DE MARCHI SÃO PAULO
05314761000131,DE MARCHI SÃO PAULO
05316276000105,DE MARCHI SÃO PAULO
05319122000169,DE MARCHI SÃO PAULO
05321668000235,DE MARCHI SÃO PAULO
05359030000102,DE MARCHI SÃO PAULO
05359030000293,DE MARCHI SÃO PAULO
05370318000188,DE MARCHI SÃO PAULO
05370733000131,DE MARCHI SÃO PAULO
05372606000171,DE MARCHI SÃO PAULO
05379211000109,DE MARCHI SÃO PAULO
05379211000281,DE MARCHI SÃO PAULO
05402939000104,DE MARCHI SÃO PAULO
05402960000100,DE MARCHI SÃO PAULO
05424632000104,DE MARCHI SÃO PAULO
05424632000287,DE MARCHI SÃO PAULO
05424632000368,DE MARCHI SÃO PAULO
05534785000104,DE MARCHI SÃO PAULO
05541777000187,DE MARCHI SÃO PAULO
05550261000107,DE MARCHI SÃO PAULO
05558626000212,DE MARCHI SÃO PAULO
05562506000108,DE MARCHI SÃO PAULO
05593832000182,DE MARCHI SÃO PAULO
05608640000100,DE MARCHI SÃO PAULO
05626187000157,DE MARCHI SÃO PAULO
05626246000197,DE MARCHI SÃO PAULO
05629401000129,DE MARCHI SÃO PAULO
05670192000167,DE MARCHI SÃO PAULO
05677591002284,DE MARCHI SÃO PAULO
05677591002365,DE MARCHI SÃO PAULO
05677591002446,DE MARCHI SÃO PAULO
05677591002870,DE MARCHI SÃO PAULO
05677591002950,DE MARCHI SÃO PAULO
05678702000142,DE MARCHI SÃO PAULO
05683447000126,DE MARCHI SÃO PAULO
05736256000266,DE MARCHI SÃO PAULO
05799806000105,DE MARCHI SÃO PAULO
05805592000132,DE MARCHI SÃO PAULO
05845238000131,DE MARCHI SÃO PAULO
05863054000102,DE MARCHI SÃO PAULO
05863054000285,DE MARCHI SÃO PAULO
05876992000139,DE MARCHI SÃO PAULO
05916321000154,DE MARCHI SÃO PAULO
05926573000164,DE MARCHI SÃO PAULO
05944078000188,DE MARCHI SÃO PAULO
05994622000368,DE MARCHI SÃO PAULO
06012706000150,DE MARCHI SÃO PAULO
06015963000145,DE MARCHI SÃO PAULO
06031885000172,DE MARCHI SÃO PAULO
06039438000160,DE MARCHI SÃO PAULO
06042038000103,DE MARCHI SÃO PAULO
06046904000134,DE MARCHI SÃO PAULO
06047087001291,DE MARCHI SÃO PAULO
06047087009276,DE MARCHI SÃO PAULO
06056930000143,DE MARCHI SÃO PAULO
06057223027967,DE MARCHI SÃO PAULO
06057223028009,DE MARCHI SÃO PAULO
06057223028181,DE MARCHI SÃO PAULO
06057223028505,DE MARCHI SÃO PAULO
06057223028858,DE MARCHI SÃO PAULO
06057223028939,DE MARCHI SÃO PAULO
06057223030160,DE MARCHI SÃO PAULO
06057223037768,DE MARCHI SÃO PAULO
06080324000244,DE MARCHI SÃO PAULO
06093562000103,DE MARCHI SÃO PAULO
06115520000126,DE MARCHI SÃO PAULO
06131754000167,DE MARCHI SÃO PAULO
06139033000101,DE MARCHI SÃO PAULO
06184867000120,DE MARCHI SÃO PAULO
06191036000186,DE MARCHI SÃO PAULO
06200183000175,DE MARCHI SÃO PAULO
06234871000156,DE MARCHI SÃO PAULO
06251552000159,DE MARCHI SÃO PAULO
06259339000193,DE MARCHI SÃO PAULO
06262550000165,DE MARCHI SÃO PAULO
06273427000140,DE MARCHI SÃO PAULO
06295887000179,DE MARCHI SÃO PAULO
06303782000114,DE MARCHI SÃO PAULO
06306685000185,DE MARCHI SÃO PAULO
06339834000102,DE MARCHI SÃO PAULO
06376148000101,DE MARCHI SÃO PAULO
06825899000168,DE MARCHI SÃO PAULO
06865629000180,DE MARCHI SÃO PAULO
06928712000151,DE MARCHI SÃO PAULO
06932696000170,DE MARCHI SÃO PAULO
06934979000151,DE MARCHI SÃO PAULO
06991985000140,DE MARCHI SÃO PAULO
06159134000136,DE MARCHI SÃO PAULO
07009754000151,DE MARCHI SÃO PAULO
07016195000107,DE MARCHI SÃO PAULO
07070389000190,DE MARCHI SÃO PAULO
07093630000105,DE MARCHI SÃO PAULO
07114699005986,DE MARCHI SÃO PAULO
07125472000110,DE MARCHI SÃO PAULO
07182763000140,DE MARCHI SÃO PAULO
07184444000173,DE MARCHI SÃO PAULO
07196625000110,DE MARCHI SÃO PAULO
07214020000376,DE MARCHI SÃO PAULO
07268047000180,DE MARCHI SÃO PAULO
07279295000126,DE MARCHI SÃO PAULO
07302125000891,DE MARCHI SÃO PAULO
07302604000131,DE MARCHI SÃO PAULO
07324248000157,DE MARCHI SÃO PAULO
07330842000150,DE MARCHI SÃO PAULO
07345129000180,DE MARCHI SÃO PAULO
07354819000104,DE MARCHI SÃO PAULO
07381608000152,DE MARCHI SÃO PAULO
07395236000113,DE MARCHI SÃO PAULO
07395923000139,DE MARCHI SÃO PAULO
07405530000169,DE MARCHI SÃO PAULO
07428215000157,DE MARCHI SÃO PAULO
07429484000138,DE MARCHI SÃO PAULO
07429484000219,DE MARCHI SÃO PAULO
07445936000175,DE MARCHI SÃO PAULO
07486975000110,DE MARCHI SÃO PAULO
07486975000200,DE MARCHI SÃO PAULO
07506119000180,DE MARCHI SÃO PAULO
07538967000170,DE MARCHI SÃO PAULO
07553442000104,DE MARCHI SÃO PAULO
07558427000159,DE MARCHI SÃO PAULO
07558668000106,DE MARCHI SÃO PAULO
07587344000198,DE MARCHI SÃO PAULO
07597287000128,DE MARCHI SÃO PAULO
07601691000128,DE MARCHI SÃO PAULO
07611499000112,DE MARCHI SÃO PAULO
07613365000130,DE MARCHI SÃO PAULO
07614540000104,DE MARCHI SÃO PAULO
07621362000149,DE MARCHI SÃO PAULO
07640219000102,DE MARCHI SÃO PAULO
07671615000199,DE MARCHI SÃO PAULO
07671615000270,DE MARCHI SÃO PAULO
07674267000103,DE MARCHI SÃO PAULO
07684364000187,DE MARCHI SÃO PAULO
07687928000305,DE MARCHI SÃO PAULO
07687928001107,DE MARCHI SÃO PAULO
07687928003231,DE MARCHI SÃO PAULO
07694626000194,DE MARCHI SÃO PAULO
07694626000275,DE MARCHI SÃO PAULO
07698009000167,DE MARCHI SÃO PAULO
07698009000167,DE MARCHI SÃO PAULO
07715193000106,DE MARCHI SÃO PAULO
07746755000189,DE MARCHI SÃO PAULO
07747151000238,DE MARCHI SÃO PAULO
07749075000119,DE MARCHI SÃO PAULO
07750628000153,DE MARCHI SÃO PAULO
07761177000150,DE MARCHI SÃO PAULO
07777637000138,DE MARCHI SÃO PAULO
07782002000129,DE MARCHI SÃO PAULO
07802859000163,DE MARCHI SÃO PAULO
07803173000197,DE MARCHI SÃO PAULO
07807806000135,DE MARCHI SÃO PAULO
07813666000108,DE MARCHI SÃO PAULO
07836789000164,DE MARCHI SÃO PAULO
07869747000120,DE MARCHI SÃO PAULO
07879102000178,DE MARCHI SÃO PAULO
07899128000188,DE MARCHI SÃO PAULO
07916884000178,DE MARCHI SÃO PAULO
07959978000124,DE MARCHI SÃO PAULO
07961440000154,DE MARCHI SÃO PAULO
07964962000100,DE MARCHI SÃO PAULO
07972461000175,DE MARCHI SÃO PAULO
07659005000170,DE MARCHI SÃO PAULO
08007122000111,DE MARCHI SÃO PAULO
08014110000203,DE MARCHI SÃO PAULO
08018055000130,DE MARCHI SÃO PAULO
08030363000696,DE MARCHI SÃO PAULO
08030363003288,DE MARCHI SÃO PAULO
08053117000145,DE MARCHI SÃO PAULO
08055338000152,DE MARCHI SÃO PAULO
08063313000109,DE MARCHI SÃO PAULO
08071185000137,DE MARCHI SÃO PAULO
08082697000107,DE MARCHI SÃO PAULO
08082697000280,DE MARCHI SÃO PAULO
08082697000360,DE MARCHI SÃO PAULO
08090817000100,DE MARCHI SÃO PAULO
08097305000175,DE MARCHI SÃO PAULO
08105637000154,DE MARCHI SÃO PAULO
08106431000149,DE MARCHI SÃO PAULO
08131831000538,DE MARCHI SÃO PAULO
08131831000708,DE MARCHI SÃO PAULO
08167744000107,DE MARCHI SÃO PAULO
08186496000141,DE MARCHI SÃO PAULO
08215522000112,DE MARCHI SÃO PAULO
08277054000100,DE MARCHI SÃO PAULO
08282824000103,DE MARCHI SÃO PAULO
08330367000347,DE MARCHI SÃO PAULO
08353628000182,DE MARCHI SÃO PAULO
08355980000157,DE MARCHI SÃO PAULO
08369397000448,DE MARCHI SÃO PAULO
08381731000136,DE MARCHI SÃO PAULO
08385898000175,DE MARCHI SÃO PAULO
08433279000109,DE MARCHI SÃO PAULO
08438839000118,DE MARCHI SÃO PAULO
08474937000100,DE MARCHI SÃO PAULO
08486625000117,DE MARCHI SÃO PAULO
08504645000173,DE MARCHI SÃO PAULO
08518050000258,DE MARCHI SÃO PAULO
08533147000159,DE MARCHI SÃO PAULO
08564104000130,DE MARCHI SÃO PAULO
08578556000171,DE MARCHI SÃO PAULO
08582605000140,DE MARCHI SÃO PAULO
08582605000220,DE MARCHI SÃO PAULO
08600426000198,DE MARCHI SÃO PAULO
08602360000175,DE MARCHI SÃO PAULO
08612935000130,DE MARCHI SÃO PAULO
08618647000355,DE MARCHI SÃO PAULO
08628229000187,DE MARCHI SÃO PAULO
08639479000112,DE MARCHI SÃO PAULO
08663000000183,DE MARCHI SÃO PAULO
08666279000159,DE MARCHI SÃO PAULO
08674392000186,DE MARCHI SÃO PAULO
08674681000185,DE MARCHI SÃO PAULO
08695982000195,DE MARCHI SÃO PAULO
08702435000190,DE MARCHI SÃO PAULO
08704909000132,DE MARCHI SÃO PAULO
08720061000135,DE MARCHI SÃO PAULO
08721478000112,DE MARCHI SÃO PAULO
08727463000161,DE MARCHI SÃO PAULO
08735889000167,DE MARCHI SÃO PAULO
08735889000329,DE MARCHI SÃO PAULO
08741472000107,DE MARCHI SÃO PAULO
08755412000143,DE MARCHI SÃO PAULO
08758368000125,DE MARCHI SÃO PAULO
08760996000145,DE MARCHI SÃO PAULO
08767180000143,DE MARCHI SÃO PAULO
08768863000115,DE MARCHI SÃO PAULO
08771662000177,DE MARCHI SÃO PAULO
08775058000119,DE MARCHI SÃO PAULO
08784629000181,DE MARCHI SÃO PAULO
08804957000100,DE MARCHI SÃO PAULO
08805475000167,DE MARCHI SÃO PAULO
08806399000376,DE MARCHI SÃO PAULO
08812349000130,DE MARCHI SÃO PAULO
08845439000399,DE MARCHI SÃO PAULO
08845439000550,DE MARCHI SÃO PAULO
08865199000122,DE MARCHI SÃO PAULO
08866440000138,DE MARCHI SÃO PAULO
08867551000169,DE MARCHI SÃO PAULO
08874297000126,DE MARCHI SÃO PAULO
08893129000188,DE MARCHI SÃO PAULO
08895369000111,DE MARCHI SÃO PAULO
08948532000167,DE MARCHI SÃO PAULO
08958025000104,DE MARCHI SÃO PAULO
08962656000105,DE MARCHI SÃO PAULO
08982084000118,DE MARCHI SÃO PAULO
08985357000188,DE MARCHI SÃO PAULO
08985976000172,DE MARCHI SÃO PAULO
08063313000362,DE MARCHI SÃO PAULO
08433068000176,DE MARCHI SÃO PAULO
09005099000199,DE MARCHI SÃO PAULO
09008603000104,DE MARCHI SÃO PAULO
09008782000180,DE MARCHI SÃO PAULO
09013061000168,DE MARCHI SÃO PAULO
09016388000193,DE MARCHI SÃO PAULO
09039064000170,DE MARCHI SÃO PAULO
09043084000115,DE MARCHI SÃO PAULO
09056291000104,DE MARCHI SÃO PAULO
09057097000143,DE MARCHI SÃO PAULO
09064222000142,DE MARCHI SÃO PAULO
09067127000100,DE MARCHI SÃO PAULO
09068247000114,DE MARCHI SÃO PAULO
09075760000132,DE MARCHI SÃO PAULO
09117077000110,DE MARCHI SÃO PAULO
09117077000110,DE MARCHI SÃO PAULO
09129998000101,DE MARCHI SÃO PAULO
09143892000154,DE MARCHI SÃO PAULO
09164487000112,DE MARCHI SÃO PAULO
09176258000118,DE MARCHI SÃO PAULO
09209153000118,DE MARCHI SÃO PAULO
09213360000146,DE MARCHI SÃO PAULO
09223666000183,DE MARCHI SÃO PAULO
09258664000200,DE MARCHI SÃO PAULO
09258664000472,DE MARCHI SÃO PAULO
09262660000115,DE MARCHI SÃO PAULO
09275194000102,DE MARCHI SÃO PAULO
09276932000136,DE MARCHI SÃO PAULO
09284584000149,DE MARCHI SÃO PAULO
09308170000102,DE MARCHI SÃO PAULO
09328118000118,DE MARCHI SÃO PAULO
09342529000168,DE MARCHI SÃO PAULO
09355416000105,DE MARCHI SÃO PAULO
09362863000183,DE MARCHI SÃO PAULO
09370422000123,DE MARCHI SÃO PAULO
09377038000152,DE MARCHI SÃO PAULO
09391948000190,DE MARCHI SÃO PAULO
09401015000136,DE MARCHI SÃO PAULO
09405789001026,DE MARCHI SÃO PAULO
09409468000109,DE MARCHI SÃO PAULO
09416632000105,DE MARCHI SÃO PAULO
09430704000179,DE MARCHI SÃO PAULO
09440031000138,DE MARCHI SÃO PAULO
09443477000116,DE MARCHI SÃO PAULO
09443477000205,DE MARCHI SÃO PAULO
09445304000137,DE MARCHI SÃO PAULO
09455332000135,DE MARCHI SÃO PAULO
09458407000131,DE MARCHI SÃO PAULO
09461687000137,DE MARCHI SÃO PAULO
09468703000113,DE MARCHI SÃO PAULO
09470362000110,DE MARCHI SÃO PAULO
09501912000111,DE MARCHI SÃO PAULO
09531264000146,DE MARCHI SÃO PAULO
09537893000183,DE MARCHI SÃO PAULO
09548858000160,DE MARCHI SÃO PAULO
09559866000101,DE MARCHI SÃO PAULO
09574645000102,DE MARCHI SÃO PAULO
09579034000157,DE MARCHI SÃO PAULO
09597449000153,DE MARCHI SÃO PAULO
09615138000170,DE MARCHI SÃO PAULO
09616282000120,DE MARCHI SÃO PAULO
09618883000172,DE MARCHI SÃO PAULO
09618883000172,DE MARCHI SÃO PAULO
09626428000119,DE MARCHI SÃO PAULO
09675702000140,DE MARCHI SÃO PAULO
09722869000114,DE MARCHI SÃO PAULO
09728700000171,DE MARCHI SÃO PAULO
09786609000102,DE MARCHI SÃO PAULO
09792177000142,DE MARCHI SÃO PAULO
09797515000139,DE MARCHI SÃO PAULO
09865460000157,DE MARCHI SÃO PAULO
09967852011757,DE MARCHI SÃO PAULO
09267423000147,DE MARCHI SÃO PAULO
09442458000175,DE MARCHI SÃO PAULO
10140632000104,DE MARCHI SÃO PAULO
10171126000182,DE MARCHI SÃO PAULO
10207246000192,DE MARCHI SÃO PAULO
10211926000180,DE MARCHI SÃO PAULO
10215629000102,DE MARCHI SÃO PAULO
10249755000188,DE MARCHI SÃO PAULO
10260906000107,DE MARCHI SÃO PAULO
10271188000166,DE MARCHI SÃO PAULO
10278665000115,DE MARCHI SÃO PAULO
10288545000107,DE MARCHI SÃO PAULO
10289137000161,DE MARCHI SÃO PAULO
10321672000152,DE MARCHI SÃO PAULO
10337748000138,DE MARCHI SÃO PAULO
10337748000219,DE MARCHI SÃO PAULO
10346258000106,DE MARCHI SÃO PAULO
10359843000213,DE MARCHI SÃO PAULO
10362438000173,DE MARCHI SÃO PAULO
10366625000125,DE MARCHI SÃO PAULO
10374556000100,DE MARCHI SÃO PAULO
10375752000190,DE MARCHI SÃO PAULO
10385745000170,DE MARCHI SÃO PAULO
10388741000145,DE MARCHI SÃO PAULO
10411602000276,DE MARCHI SÃO PAULO
10417944000112,DE MARCHI SÃO PAULO
10423467000106,DE MARCHI SÃO PAULO
10426605000100,DE MARCHI SÃO PAULO
10435521000125,DE MARCHI SÃO PAULO
10441016000193,DE MARCHI SÃO PAULO
10451894000190,DE MARCHI SÃO PAULO
10475186000199,DE MARCHI SÃO PAULO
10476588002747,DE MARCHI SÃO PAULO
10476828000255,DE MARCHI SÃO PAULO
10485182000191,DE MARCHI SÃO PAULO
10510067000120,DE MARCHI SÃO PAULO
10510410000136,DE MARCHI SÃO PAULO
10537731000124,DE MARCHI SÃO PAULO
10539036000282,DE MARCHI SÃO PAULO
10541042000193,DE MARCHI SÃO PAULO
10550004000105,DE MARCHI SÃO PAULO
10572142000187,DE MARCHI SÃO PAULO
10590045000117,DE MARCHI SÃO PAULO
10605257000120,DE MARCHI SÃO PAULO
10605257000201,DE MARCHI SÃO PAULO
10605980000100,DE MARCHI SÃO PAULO
10614071000138,DE MARCHI SÃO PAULO
10627202000111,DE MARCHI SÃO PAULO
10641170000109,DE MARCHI SÃO PAULO
10642409000165,DE MARCHI SÃO PAULO
10642607000129,DE MARCHI SÃO PAULO
10643463000125,DE MARCHI SÃO PAULO
10645174000165,DE MARCHI SÃO PAULO
10660603000173,DE MARCHI SÃO PAULO
10672343000156,DE MARCHI SÃO PAULO
10676233000162,DE MARCHI SÃO PAULO
10713692000179,DE MARCHI SÃO PAULO
10722566000180,DE MARCHI SÃO PAULO
10735500000630,DE MARCHI SÃO PAULO
10767171000102,DE MARCHI SÃO PAULO
10786200000175,DE MARCHI SÃO PAULO
10790463000158,DE MARCHI SÃO PAULO
10794366000214,DE MARCHI SÃO PAULO
10808742000100,DE MARCHI SÃO PAULO
10813071000167,DE MARCHI SÃO PAULO
10839561000132,DE MARCHI SÃO PAULO
10845638000268,DE MARCHI SÃO PAULO
10848253000173,DE MARCHI SÃO PAULO
10865532000145,DE MARCHI SÃO PAULO
10878197000110,DE MARCHI SÃO PAULO
10883932000183,DE MARCHI SÃO PAULO
10884021000170,DE MARCHI SÃO PAULO
10892164000124,DE MARCHI SÃO PAULO
10894137000190,DE MARCHI SÃO PAULO
10912186000290,DE MARCHI SÃO PAULO
10912186000370,DE MARCHI SÃO PAULO
10921409000102,DE MARCHI SÃO PAULO
10922160000141,DE MARCHI SÃO PAULO
10936054000117,DE MARCHI SÃO PAULO
10949990000162,DE MARCHI SÃO PAULO
10963320000109,DE MARCHI SÃO PAULO
10968944000100,DE MARCHI SÃO PAULO
10973568000142,DE MARCHI SÃO PAULO
10988733000130,DE MARCHI SÃO PAULO
11012556000114,DE MARCHI SÃO PAULO
11024546000107,DE MARCHI SÃO PAULO
11024546000280,DE MARCHI SÃO PAULO
11027596000130,DE MARCHI SÃO PAULO
11038317000133,DE MARCHI SÃO PAULO
11060595000197,DE MARCHI SÃO PAULO
11095677000177,DE MARCHI SÃO PAULO
11109041000137,DE MARCHI SÃO PAULO
11111604000121,DE MARCHI SÃO PAULO
11117785000365,DE MARCHI SÃO PAULO
11118835000167,DE MARCHI SÃO PAULO
11121455000181,DE MARCHI SÃO PAULO
11128543000296,DE MARCHI SÃO PAULO
11175257000109,DE MARCHI SÃO PAULO
11186494000167,DE MARCHI SÃO PAULO
11186953000102,DE MARCHI SÃO PAULO
11191726000175,DE MARCHI SÃO PAULO
11194549000180,DE MARCHI SÃO PAULO
11195603000102,DE MARCHI SÃO PAULO
11228459000163,DE MARCHI SÃO PAULO
11236047000175,DE MARCHI SÃO PAULO
11237456000196,DE MARCHI SÃO PAULO
11252465000156,DE MARCHI SÃO PAULO
11262703000104,DE MARCHI SÃO PAULO
11273254000108,DE MARCHI SÃO PAULO
11306573000164,DE MARCHI SÃO PAULO
11307619000160,DE MARCHI SÃO PAULO
11318883000280,DE MARCHI SÃO PAULO
11319642000174,DE MARCHI SÃO PAULO
11322492000158,DE MARCHI SÃO PAULO
11358806000253,DE MARCHI SÃO PAULO
11361676000127,DE MARCHI SÃO PAULO
11365000000101,DE MARCHI SÃO PAULO
11386451000125,DE MARCHI SÃO PAULO
11391059000174,DE MARCHI SÃO PAULO
11391677000114,DE MARCHI SÃO PAULO
11409084000138,DE MARCHI SÃO PAULO
11416320000143,DE MARCHI SÃO PAULO
11418488000198,DE MARCHI SÃO PAULO
11422147000196,DE MARCHI SÃO PAULO
11430519000126,DE MARCHI SÃO PAULO
11432371000169,DE MARCHI SÃO PAULO
11442652000100,DE MARCHI SÃO PAULO
11443363000118,DE MARCHI SÃO PAULO
11452240000143,DE MARCHI SÃO PAULO
11477198000115,DE MARCHI SÃO PAULO
11477198000204,DE MARCHI SÃO PAULO
11482113000197,DE MARCHI SÃO PAULO
11496101000111,DE MARCHI SÃO PAULO
11497211000106,DE MARCHI SÃO PAULO
11507778000108,DE MARCHI SÃO PAULO
11524216000172,DE MARCHI SÃO PAULO
11527062000172,DE MARCHI SÃO PAULO
11545448000298,DE MARCHI SÃO PAULO
11548120000144,DE MARCHI SÃO PAULO
11554989000100,DE MARCHI SÃO PAULO
11581921000101,DE MARCHI SÃO PAULO
11589650000130,DE MARCHI SÃO PAULO
11622373000110,DE MARCHI SÃO PAULO
11623659000200,DE MARCHI SÃO PAULO
11626130000150,DE MARCHI SÃO PAULO
11644813000130,DE MARCHI SÃO PAULO
11654126000104,DE MARCHI SÃO PAULO
11655271000100,DE MARCHI SÃO PAULO
11672340000185,DE MARCHI SÃO PAULO
11675469000147,DE MARCHI SÃO PAULO
11700985000184,DE MARCHI SÃO PAULO
11719732000152,DE MARCHI SÃO PAULO
11722831000193,DE MARCHI SÃO PAULO
11744055000122,DE MARCHI SÃO PAULO
11744493000190,DE MARCHI SÃO PAULO
11753261000107,DE MARCHI SÃO PAULO
11792473000195,DE MARCHI SÃO PAULO
11792473000276,DE MARCHI SÃO PAULO
11796602000890,DE MARCHI SÃO PAULO
11799697000129,DE MARCHI SÃO PAULO
11805397000105,DE MARCHI SÃO PAULO
11826038000134,DE MARCHI SÃO PAULO
11832497000473,DE MARCHI SÃO PAULO
11842848000184,DE MARCHI SÃO PAULO
11842848000265,DE MARCHI SÃO PAULO
11850011000187,DE MARCHI SÃO PAULO
11853366000120,DE MARCHI SÃO PAULO
11856861000273,DE MARCHI SÃO PAULO
11863834000147,DE MARCHI SÃO PAULO
11873144000179,DE MARCHI SÃO PAULO
11878713000179,DE MARCHI SÃO PAULO
11881729000130,DE MARCHI SÃO PAULO
11886272000157,DE MARCHI SÃO PAULO
11950018000170,DE MARCHI SÃO PAULO
11950487007798,DE MARCHI SÃO PAULO
11950487008417,DE MARCHI SÃO PAULO
11965515000304,DE MARCHI SÃO PAULO
11965515001203,DE MARCHI SÃO PAULO
11578077000160,DE MARCHI SÃO PAULO
11872411000193,DE MARCHI SÃO PAULO
12006332000162,DE MARCHI SÃO PAULO
12007209000166,DE MARCHI SÃO PAULO
12017948000139,DE MARCHI SÃO PAULO
12023966000123,DE MARCHI SÃO PAULO
12023966000395,DE MARCHI SÃO PAULO
12023966000557,DE MARCHI SÃO PAULO
12023966000638,DE MARCHI SÃO PAULO
12023966001103,DE MARCHI SÃO PAULO
12023966001529,DE MARCHI SÃO PAULO
12023966001871,DE MARCHI SÃO PAULO
12023966002509,DE MARCHI SÃO PAULO
12023966002843,DE MARCHI SÃO PAULO
12023966002924,DE MARCHI SÃO PAULO
12023966003068,DE MARCHI SÃO PAULO
12023966003491,DE MARCHI SÃO PAULO
12023966003572,DE MARCHI SÃO PAULO
12023966003815,DE MARCHI SÃO PAULO
12023966003904,DE MARCHI SÃO PAULO
12023966004200,DE MARCHI SÃO PAULO
12023966004463,DE MARCHI SÃO PAULO
12023966005001,DE MARCHI SÃO PAULO
12023966005192,DE MARCHI SÃO PAULO
12023966005435,DE MARCHI SÃO PAULO
12030992000189,DE MARCHI SÃO PAULO
12042412000173,DE MARCHI SÃO PAULO
12045985000150,DE MARCHI SÃO PAULO
12062307000104,DE MARCHI SÃO PAULO
12064001000189,DE MARCHI SÃO PAULO
12065020000120,DE MARCHI SÃO PAULO
12075962000199,DE MARCHI SÃO PAULO
12132729000281,DE MARCHI SÃO PAULO
12134263000172,DE MARCHI SÃO PAULO
12156589000109,DE MARCHI SÃO PAULO
12156589000362,DE MARCHI SÃO PAULO
12214733000108,DE MARCHI SÃO PAULO
12222141000138,DE MARCHI SÃO PAULO
12224381000171,DE MARCHI SÃO PAULO
12228820000114,DE MARCHI SÃO PAULO
12257519000139,DE MARCHI SÃO PAULO
12263361000100,DE MARCHI SÃO PAULO
12281569000151,DE MARCHI SÃO PAULO
12282245000138,DE MARCHI SÃO PAULO
12289102000158,DE MARCHI SÃO PAULO
12289102000239,DE MARCHI SÃO PAULO
12311368000150,DE MARCHI SÃO PAULO
12313986000139,DE MARCHI SÃO PAULO
12338511000105,DE MARCHI SÃO PAULO
12340127000139,DE MARCHI SÃO PAULO
12358279000169,DE MARCHI SÃO PAULO
12360280000128,DE MARCHI SÃO PAULO
12380907000293,DE MARCHI SÃO PAULO
12382828000130,DE MARCHI SÃO PAULO
12389057000103,DE MARCHI SÃO PAULO
12397336000119,DE MARCHI SÃO PAULO
12420341000103,DE MARCHI SÃO PAULO
12446428000141,DE MARCHI SÃO PAULO
12467615000101,DE MARCHI SÃO PAULO
12479117000189,DE MARCHI SÃO PAULO
12487651000137,DE MARCHI SÃO PAULO
12513093000137,DE MARCHI SÃO PAULO
12514552000105,DE MARCHI SÃO PAULO
12515051000135,DE MARCHI SÃO PAULO
12564315000140,DE MARCHI SÃO PAULO
12571559000150,DE MARCHI SÃO PAULO
12571559000150,DE MARCHI SÃO PAULO
12572343000100,DE MARCHI SÃO PAULO
12573101000130,DE MARCHI SÃO PAULO
12573101000211,DE MARCHI SÃO PAULO
12591101000163,DE MARCHI SÃO PAULO
12603693000196,DE MARCHI SÃO PAULO
12603693000358,DE MARCHI SÃO PAULO
12626692000167,DE MARCHI SÃO PAULO
12677156000190,DE MARCHI SÃO PAULO
12697179000167,DE MARCHI SÃO PAULO
12698792000603,DE MARCHI SÃO PAULO
12768719000156,DE MARCHI SÃO PAULO
12784559000139,DE MARCHI SÃO PAULO
12784935000276,DE MARCHI SÃO PAULO
12815437000162,DE MARCHI SÃO PAULO
12819074001024,DE MARCHI SÃO PAULO
12837117000103,DE MARCHI SÃO PAULO
12841101000255,DE MARCHI SÃO PAULO
12841101000689,DE MARCHI SÃO PAULO
12850071000162,DE MARCHI SÃO PAULO
12874397000120,DE MARCHI SÃO PAULO
12878328000194,DE MARCHI SÃO PAULO
12902903000147,DE MARCHI SÃO PAULO
12907126000123,DE MARCHI SÃO PAULO
12970176000155,DE MARCHI SÃO PAULO
12972637000129,DE MARCHI SÃO PAULO
12983517000127,DE MARCHI SÃO PAULO
12780077000100,DE MARCHI SÃO PAULO
13002018000174,DE MARCHI SÃO PAULO
13004510000189,DE MARCHI SÃO PAULO
13004510000502,DE MARCHI SÃO PAULO
13004510001746,DE MARCHI SÃO PAULO
13004510004761,DE MARCHI SÃO PAULO
13004510006110,DE MARCHI SÃO PAULO
13004510018045,DE MARCHI SÃO PAULO
13004510023391,DE MARCHI SÃO PAULO
13004510031300,DE MARCHI SÃO PAULO
13020165000177,DE MARCHI SÃO PAULO
13033256000147,DE MARCHI SÃO PAULO
13037515000108,DE MARCHI SÃO PAULO
13040234000104,DE MARCHI SÃO PAULO
13047266000131,DE MARCHI SÃO PAULO
13051274000151,DE MARCHI SÃO PAULO
13091580000111,DE MARCHI SÃO PAULO
13096252000108,DE MARCHI SÃO PAULO
13143716000190,DE MARCHI SÃO PAULO
13158633000174,DE MARCHI SÃO PAULO
13175251000159,DE MARCHI SÃO PAULO
13177369000116,DE MARCHI SÃO PAULO
13182931000108,DE MARCHI SÃO PAULO
13189772000165,DE MARCHI SÃO PAULO
13197062000187,DE MARCHI SÃO PAULO
13205386000110,DE MARCHI SÃO PAULO
13279323000108,DE MARCHI SÃO PAULO
13284828000160,DE MARCHI SÃO PAULO
13304757000110,DE MARCHI SÃO PAULO
13324706000150,DE MARCHI SÃO PAULO
13374822000184,DE MARCHI SÃO PAULO
13375663000132,DE MARCHI SÃO PAULO
13382454000116,DE MARCHI SÃO PAULO
13387919000121,DE MARCHI SÃO PAULO
13393383000157,DE MARCHI SÃO PAULO
13405231000127,DE MARCHI SÃO PAULO
13408756000116,DE MARCHI SÃO PAULO
13412687000114,DE MARCHI SÃO PAULO
13423651000136,DE MARCHI SÃO PAULO
13436964000129,DE MARCHI SÃO PAULO
13446807000102,DE MARCHI SÃO PAULO
13450603000137,DE MARCHI SÃO PAULO
13490288000171,DE MARCHI SÃO PAULO
13491609000152,DE MARCHI SÃO PAULO
13502167000100,DE MARCHI SÃO PAULO
13503618000116,DE MARCHI SÃO PAULO
13570539000128,DE MARCHI SÃO PAULO
13577492000124,DE MARCHI SÃO PAULO
13597603000164,DE MARCHI SÃO PAULO
13612573000118,DE MARCHI SÃO PAULO
13634997000183,DE MARCHI SÃO PAULO
13640046000117,DE MARCHI SÃO PAULO
13654495000114,DE MARCHI SÃO PAULO
13672148000114,DE MARCHI SÃO PAULO
13676535000129,DE MARCHI SÃO PAULO
13678225000143,DE MARCHI SÃO PAULO
13729478000107,DE MARCHI SÃO PAULO
13743093000196,DE MARCHI SÃO PAULO
13750300000130,DE MARCHI SÃO PAULO
13750413000135,DE MARCHI SÃO PAULO
13765232000182,DE MARCHI SÃO PAULO
13776085000146,DE MARCHI SÃO PAULO
13778429000156,DE MARCHI SÃO PAULO
13786319000136,DE MARCHI SÃO PAULO
13786460000139,DE MARCHI SÃO PAULO
13786460000210,DE MARCHI SÃO PAULO
13787088000185,DE MARCHI SÃO PAULO
13844673000170,DE MARCHI SÃO PAULO
13848366000167,DE MARCHI SÃO PAULO
13868175000167,DE MARCHI SÃO PAULO
13932679000107,DE MARCHI SÃO PAULO
13932679000280,DE MARCHI SÃO PAULO
13932679000360,DE MARCHI SÃO PAULO
13971751000105,DE MARCHI SÃO PAULO
13980918000277,DE MARCHI SÃO PAULO
13448601000103,DE MARCHI SÃO PAULO
14004080000168,DE MARCHI SÃO PAULO
14068453000164,DE MARCHI SÃO PAULO
14112259000139,DE MARCHI SÃO PAULO
14131060000158,DE MARCHI SÃO PAULO
14152875000113,DE MARCHI SÃO PAULO
14155633000183,DE MARCHI SÃO PAULO
14163287000185,DE MARCHI SÃO PAULO
14167181000150,DE MARCHI SÃO PAULO
14173437000131,DE MARCHI SÃO PAULO
14197060000150,DE MARCHI SÃO PAULO
14218297000170,DE MARCHI SÃO PAULO
14223389000149,DE MARCHI SÃO PAULO
14229331000102,DE MARCHI SÃO PAULO
14241413000172,DE MARCHI SÃO PAULO
14309285000151,DE MARCHI SÃO PAULO
14334216000106,DE MARCHI SÃO PAULO
14362913000162,DE MARCHI SÃO PAULO
14365934000131,DE MARCHI SÃO PAULO
14405074000112,DE MARCHI SÃO PAULO
14444125000115,DE MARCHI SÃO PAULO
14456174000178,DE MARCHI SÃO PAULO
14470344000179,DE MARCHI SÃO PAULO
14476652000101,DE MARCHI SÃO PAULO
14477892000120,DE MARCHI SÃO PAULO
14488805000130,DE MARCHI SÃO PAULO
14512823000100,DE MARCHI SÃO PAULO
14523861000169,DE MARCHI SÃO PAULO
14567411000178,DE MARCHI SÃO PAULO
14568776000117,DE MARCHI SÃO PAULO
14579091000176,DE MARCHI SÃO PAULO
14631938000114,DE MARCHI SÃO PAULO
14696152000185,DE MARCHI SÃO PAULO
14720845000166,DE MARCHI SÃO PAULO
14732651000180,DE MARCHI SÃO PAULO
14743334000160,DE MARCHI SÃO PAULO
14743368000154,DE MARCHI SÃO PAULO
14808014000140,DE MARCHI SÃO PAULO
14840096000100,DE MARCHI SÃO PAULO
14843871000181,DE MARCHI SÃO PAULO
14857370000154,DE MARCHI SÃO PAULO
14864708000103,DE MARCHI SÃO PAULO
14868522000114,DE MARCHI SÃO PAULO
14874954000138,DE MARCHI SÃO PAULO
14881345000106,DE MARCHI SÃO PAULO
14903586000109,DE MARCHI SÃO PAULO
14909237000102,DE MARCHI SÃO PAULO
14941315000148,DE MARCHI SÃO PAULO
14980275000224,DE MARCHI SÃO PAULO
14985481000146,DE MARCHI SÃO PAULO
14899208000107,DE MARCHI SÃO PAULO
15004289000275,DE MARCHI SÃO PAULO
15010321000144,DE MARCHI SÃO PAULO
15014149000105,DE MARCHI SÃO PAULO
15065280000193,DE MARCHI SÃO PAULO
15119153000120,DE MARCHI SÃO PAULO
15133809000169,DE MARCHI SÃO PAULO
15143048000126,DE MARCHI SÃO PAULO
15146139000115,DE MARCHI SÃO PAULO
15148024000160,DE MARCHI SÃO PAULO
15150069000179,DE MARCHI SÃO PAULO
15175934000131,DE MARCHI SÃO PAULO
15208715000101,DE MARCHI SÃO PAULO
15242743000145,DE MARCHI SÃO PAULO
15244537000174,DE MARCHI SÃO PAULO
15253723000170,DE MARCHI SÃO PAULO
15262412000258,DE MARCHI SÃO PAULO
15289293000146,DE MARCHI SÃO PAULO
15300617000108,DE MARCHI SÃO PAULO
15342569000102,DE MARCHI SÃO PAULO
15367271000157,DE MARCHI SÃO PAULO
15377593000187,DE MARCHI SÃO PAULO
15398579000160,DE MARCHI SÃO PAULO
15414858000170,DE MARCHI SÃO PAULO
15434153000114,DE MARCHI SÃO PAULO
15436341000181,DE MARCHI SÃO PAULO
15444985000111,DE MARCHI SÃO PAULO
15500813000118,DE MARCHI SÃO PAULO
15504750000178,DE MARCHI SÃO PAULO
15506585000193,DE MARCHI SÃO PAULO
15543430000127,DE MARCHI SÃO PAULO
15570003000138,DE MARCHI SÃO PAULO
15571468000103,DE MARCHI SÃO PAULO
15590788000100,DE MARCHI SÃO PAULO
15595452000130,DE MARCHI SÃO PAULO
15604465000390,DE MARCHI SÃO PAULO
15607702000105,DE MARCHI SÃO PAULO
15638149000178,DE MARCHI SÃO PAULO
15661271000246,DE MARCHI SÃO PAULO
15677139000141,DE MARCHI SÃO PAULO
15685549000134,DE MARCHI SÃO PAULO
15723288000108,DE MARCHI SÃO PAULO
15811577000150,DE MARCHI SÃO PAULO
15862506000187,DE MARCHI SÃO PAULO
15450791000129,DE MARCHI SÃO PAULO
15686022000124,DE MARCHI SÃO PAULO
16097493000160,DE MARCHI SÃO PAULO
16416385000102,DE MARCHI SÃO PAULO
16416808000194,DE MARCHI SÃO PAULO
16422952000133,DE MARCHI SÃO PAULO
16432664000160,DE MARCHI SÃO PAULO
16432732000190,DE MARCHI SÃO PAULO
16456714000149,DE MARCHI SÃO PAULO
16458186000167,DE MARCHI SÃO PAULO
16577565000176,DE MARCHI SÃO PAULO
16613795000143,DE MARCHI SÃO PAULO
16646665000107,DE MARCHI SÃO PAULO
16649925000106,DE MARCHI SÃO PAULO
16673585000140,DE MARCHI SÃO PAULO
16674149000196,DE MARCHI SÃO PAULO
16683395000104,DE MARCHI SÃO PAULO
16721892000150,DE MARCHI SÃO PAULO
16724843000170,DE MARCHI SÃO PAULO
16742258000101,DE MARCHI SÃO PAULO
16768975000102,DE MARCHI SÃO PAULO
16777307000133,DE MARCHI SÃO PAULO
16781228000104,DE MARCHI SÃO PAULO
16786207000173,DE MARCHI SÃO PAULO
16787098000109,DE MARCHI SÃO PAULO
16789183000106,DE MARCHI SÃO PAULO
16813286000164,DE MARCHI SÃO PAULO
16814715000118,DE MARCHI SÃO PAULO
16814715000207,DE MARCHI SÃO PAULO
16816174000167,DE MARCHI SÃO PAULO
16818777000106,DE MARCHI SÃO PAULO
16833411000106,DE MARCHI SÃO PAULO
16833411000289,DE MARCHI SÃO PAULO
16836357000144,DE MARCHI SÃO PAULO
16837550000108,DE MARCHI SÃO PAULO
16843734000172,DE MARCHI SÃO PAULO
16844315000155,DE MARCHI SÃO PAULO
16845915000138,DE MARCHI SÃO PAULO
16849562000144,DE MARCHI SÃO PAULO
16875829000178,DE MARCHI SÃO PAULO
16879435000198,DE MARCHI SÃO PAULO
16896879000131,DE MARCHI SÃO PAULO
16904366000125,DE MARCHI SÃO PAULO
16942226000141,DE MARCHI SÃO PAULO
16970747000102,DE MARCHI SÃO PAULO
16989059000194,DE MARCHI SÃO PAULO
16432732000271,DE MARCHI SÃO PAULO
16579816000151,DE MARCHI SÃO PAULO
17001414000138,DE MARCHI SÃO PAULO
17014982000173,DE MARCHI SÃO PAULO
17022860000129,DE MARCHI SÃO PAULO
17022889000100,DE MARCHI SÃO PAULO
17041794000134,DE MARCHI SÃO PAULO
17056827000110,DE MARCHI SÃO PAULO
17063691000175,DE MARCHI SÃO PAULO
17064933000145,DE MARCHI SÃO PAULO
17140778000107,DE MARCHI SÃO PAULO
17167417000146,DE MARCHI SÃO PAULO
17187610000149,DE MARCHI SÃO PAULO
17191142000186,DE MARCHI SÃO PAULO
17195332000171,DE MARCHI SÃO PAULO
17217599000112,DE MARCHI SÃO PAULO
17258312000100,DE MARCHI SÃO PAULO
17299121000189,DE MARCHI SÃO PAULO
17311602000162,DE MARCHI SÃO PAULO
17315609000233,DE MARCHI SÃO PAULO
17338042000130,DE MARCHI SÃO PAULO
17355036000190,DE MARCHI SÃO PAULO
17383990000197,DE MARCHI SÃO PAULO
17394195000102,DE MARCHI SÃO PAULO
17405849000148,DE MARCHI SÃO PAULO
17432893000147,DE MARCHI SÃO PAULO
17464673000103,DE MARCHI SÃO PAULO
17484084000189,DE MARCHI SÃO PAULO
17484174000170,DE MARCHI SÃO PAULO
17490337000127,DE MARCHI SÃO PAULO
17607880000161,DE MARCHI SÃO PAULO
17640445000139,DE MARCHI SÃO PAULO
17648232000153,DE MARCHI SÃO PAULO
17659212000188,DE MARCHI SÃO PAULO
17667994000105,DE MARCHI SÃO PAULO
17712045000191,DE MARCHI SÃO PAULO
17713782000109,DE MARCHI SÃO PAULO
17749633000108,DE MARCHI SÃO PAULO
17853402000131,DE MARCHI SÃO PAULO
17854214000128,DE MARCHI SÃO PAULO
17861283000169,DE MARCHI SÃO PAULO
17865138000156,DE MARCHI SÃO PAULO
17870943000178,DE MARCHI SÃO PAULO
17873914000160,DE MARCHI SÃO PAULO
17906922000165,DE MARCHI SÃO PAULO
17947787000104,DE MARCHI SÃO PAULO
17965307000120,DE MARCHI SÃO PAULO
17970966000154,DE MARCHI SÃO PAULO
17981058000166,DE MARCHI SÃO PAULO
17983640000161,DE MARCHI SÃO PAULO
17990130000111,DE MARCHI SÃO PAULO
17473476000142,DE MARCHI SÃO PAULO
18017960000120,DE MARCHI SÃO PAULO
18054388000179,DE MARCHI SÃO PAULO
18063811000105,DE MARCHI SÃO PAULO
18066796000140,DE MARCHI SÃO PAULO
18067239000144,DE MARCHI SÃO PAULO
18080399000123,DE MARCHI SÃO PAULO
18117464000148,DE MARCHI SÃO PAULO
18124854000145,DE MARCHI SÃO PAULO
18136610000182,DE MARCHI SÃO PAULO
18145420000121,DE MARCHI SÃO PAULO
18156100000177,DE MARCHI SÃO PAULO
18190911000194,DE MARCHI SÃO PAULO
18231293000183,DE MARCHI SÃO PAULO
18236815000130,DE MARCHI SÃO PAULO
18250527000130,DE MARCHI SÃO PAULO
18292613000105,DE MARCHI SÃO PAULO
18294610000100,DE MARCHI SÃO PAULO
18299595000193,DE MARCHI SÃO PAULO
18300425000181,DE MARCHI SÃO PAULO
18309736000101,DE MARCHI SÃO PAULO
18311885000105,DE MARCHI SÃO PAULO
18321693000180,DE MARCHI SÃO PAULO
18376911000183,DE MARCHI SÃO PAULO
18384345000151,DE MARCHI SÃO PAULO
18419410000137,DE MARCHI SÃO PAULO
18419672000100,DE MARCHI SÃO PAULO
18428282000198,DE MARCHI SÃO PAULO
18449426000192,DE MARCHI SÃO PAULO
18456212000143,DE MARCHI SÃO PAULO
18475248000174,DE MARCHI SÃO PAULO
18489829000165,DE MARCHI SÃO PAULO
18518517000132,DE MARCHI SÃO PAULO
18537196000113,DE MARCHI SÃO PAULO
18538487000207,DE MARCHI SÃO PAULO
18563919000159,DE MARCHI SÃO PAULO
18563919000159,DE MARCHI SÃO PAULO
18563919000230,DE MARCHI SÃO PAULO
18563919000230,DE MARCHI SÃO PAULO
18563919000310,DE MARCHI SÃO PAULO
18576811000109,DE MARCHI SÃO PAULO
18593555000150,DE MARCHI SÃO PAULO
18593760000115,DE MARCHI SÃO PAULO
18658099000189,DE MARCHI SÃO PAULO
18665944000143,DE MARCHI SÃO PAULO
18666948000146,DE MARCHI SÃO PAULO
18672401000153,DE MARCHI SÃO PAULO
18710324000189,DE MARCHI SÃO PAULO
18710324000260,DE MARCHI SÃO PAULO
18710324000421,DE MARCHI SÃO PAULO
18747551000189,DE MARCHI SÃO PAULO
18747551000260,DE MARCHI SÃO PAULO
18760254000173,DE MARCHI SÃO PAULO
18764553000186,DE MARCHI SÃO PAULO
18791399000131,DE MARCHI SÃO PAULO
18793903000132,DE MARCHI SÃO PAULO
18804431000176,DE MARCHI SÃO PAULO
18809950000127,DE MARCHI SÃO PAULO
18908831000121,DE MARCHI SÃO PAULO
18925953000126,DE MARCHI SÃO PAULO
18939416000135,DE MARCHI SÃO PAULO
18939749000164,DE MARCHI SÃO PAULO
18941546000102,DE MARCHI SÃO PAULO
18944229000140,DE MARCHI SÃO PAULO
18946164000171,DE MARCHI SÃO PAULO
18999014000126,DE MARCHI SÃO PAULO
18452514000143,DE MARCHI SÃO PAULO
19009723000180,DE MARCHI SÃO PAULO
19017808000100,DE MARCHI SÃO PAULO
19027755000108,DE MARCHI SÃO PAULO
19035964000101,DE MARCHI SÃO PAULO
19037041000180,DE MARCHI SÃO PAULO
19046719000191,DE MARCHI SÃO PAULO
19050761000186,DE MARCHI SÃO PAULO
19055943000140,DE MARCHI SÃO PAULO
19074686000193,DE MARCHI SÃO PAULO
19097098000175,DE MARCHI SÃO PAULO
19107711000198,DE MARCHI SÃO PAULO
19112124000197,DE MARCHI SÃO PAULO
19157431000194,DE MARCHI SÃO PAULO
19180522000140,DE MARCHI SÃO PAULO
19207337000100,DE MARCHI SÃO PAULO
19216356000195,DE MARCHI SÃO PAULO
19224824000173,DE MARCHI SÃO PAULO
19231863000106,DE MARCHI SÃO PAULO
19235748000100,DE MARCHI SÃO PAULO
19257303000112,DE MARCHI SÃO PAULO
19257358000122,DE MARCHI SÃO PAULO
19274407000135,DE MARCHI SÃO PAULO
19279212000188,DE MARCHI SÃO PAULO
19284866000108,DE MARCHI SÃO PAULO
19288546000118,DE MARCHI SÃO PAULO
19297557000164,DE MARCHI SÃO PAULO
19321468000106,DE MARCHI SÃO PAULO
19330768000232,DE MARCHI SÃO PAULO
19331153000140,DE MARCHI SÃO PAULO
19348087000110,DE MARCHI SÃO PAULO
19368383000183,DE MARCHI SÃO PAULO
19370342000121,DE MARCHI SÃO PAULO
19394957000198,DE MARCHI SÃO PAULO
19396535000151,DE MARCHI SÃO PAULO
19405847000184,DE MARCHI SÃO PAULO
19432052000165,DE MARCHI SÃO PAULO
19432967000332,DE MARCHI SÃO PAULO
19432967000502,DE MARCHI SÃO PAULO
19443560000149,DE MARCHI SÃO PAULO
19448459000938,DE MARCHI SÃO PAULO
19452451000198,DE MARCHI SÃO PAULO
19457064000144,DE MARCHI SÃO PAULO
19477846000145,DE MARCHI SÃO PAULO
19525931000131,DE MARCHI SÃO PAULO
19534792000102,DE MARCHI SÃO PAULO
19538737000190,DE MARCHI SÃO PAULO
19542556000138,DE MARCHI SÃO PAULO
19551336000170,DE MARCHI SÃO PAULO
19605564000186,DE MARCHI SÃO PAULO
19610706000101,DE MARCHI SÃO PAULO
19621611000185,DE MARCHI SÃO PAULO
19631579000119,DE MARCHI SÃO PAULO
19642145000114,DE MARCHI SÃO PAULO
19651440000137,DE MARCHI SÃO PAULO
19651861000168,DE MARCHI SÃO PAULO
19659750000106,DE MARCHI SÃO PAULO
19666900000109,DE MARCHI SÃO PAULO
19694946000123,DE MARCHI SÃO PAULO
19712468000137,DE MARCHI SÃO PAULO
19717361000181,DE MARCHI SÃO PAULO
19740676000140,DE MARCHI SÃO PAULO
19774871000190,DE MARCHI SÃO PAULO
19777444000166,DE MARCHI SÃO PAULO
19786639000172,DE MARCHI SÃO PAULO
19795052000120,DE MARCHI SÃO PAULO
19804083000108,DE MARCHI SÃO PAULO
19810479000150,DE MARCHI SÃO PAULO
19845589000157,DE MARCHI SÃO PAULO
19861998000147,DE MARCHI SÃO PAULO
19881661000100,DE MARCHI SÃO PAULO
19917824000159,DE MARCHI SÃO PAULO
19979890000153,DE MARCHI SÃO PAULO
19998455000338,DE MARCHI SÃO PAULO
19431948000200,DE MARCHI SÃO PAULO
20036578000105,DE MARCHI SÃO PAULO
20044065000146,DE MARCHI SÃO PAULO
20070482000163,DE MARCHI SÃO PAULO
20102864000121,DE MARCHI SÃO PAULO
20113087000110,DE MARCHI SÃO PAULO
20129544000165,DE MARCHI SÃO PAULO
20139146000120,DE MARCHI SÃO PAULO
20158045000104,DE MARCHI SÃO PAULO
20158565000109,DE MARCHI SÃO PAULO
20159122000132,DE MARCHI SÃO PAULO
20192297000141,DE MARCHI SÃO PAULO
20193605000153,DE MARCHI SÃO PAULO
20194918000126,DE MARCHI SÃO PAULO
20218395000100,DE MARCHI SÃO PAULO
20256469000101,DE MARCHI SÃO PAULO
20300157000573,DE MARCHI SÃO PAULO
20300157000654,DE MARCHI SÃO PAULO
20300157000905,DE MARCHI SÃO PAULO
20300157001030,DE MARCHI SÃO PAULO
20300157001111,DE MARCHI SÃO PAULO
20300157001383,DE MARCHI SÃO PAULO
20300157001464,DE MARCHI SÃO PAULO
20300157001707,DE MARCHI SÃO PAULO
20300157001898,DE MARCHI SÃO PAULO
20300157001979,DE MARCHI SÃO PAULO
20309560000130,DE MARCHI SÃO PAULO
20384664000109,DE MARCHI SÃO PAULO
20412635000103,DE MARCHI SÃO PAULO
20414590000106,DE MARCHI SÃO PAULO
20419158000108,DE MARCHI SÃO PAULO
20428803000159,DE MARCHI SÃO PAULO
20430358000161,DE MARCHI SÃO PAULO
20512556000174,DE MARCHI SÃO PAULO
20522616000130,DE MARCHI SÃO PAULO
20522616000210,DE MARCHI SÃO PAULO
20531909000183,DE MARCHI SÃO PAULO
20534381000104,DE MARCHI SÃO PAULO
20584929000112,DE MARCHI SÃO PAULO
20592799000160,DE MARCHI SÃO PAULO
20595050000176,DE MARCHI SÃO PAULO
20595437000122,DE MARCHI SÃO PAULO
20622030000147,DE MARCHI SÃO PAULO
20626256000116,DE MARCHI SÃO PAULO
20636805000133,DE MARCHI SÃO PAULO
20673411000155,DE MARCHI SÃO PAULO
20676101000194,DE MARCHI SÃO PAULO
20676101000275,DE MARCHI SÃO PAULO
20676927000153,DE MARCHI SÃO PAULO
20705359000171,DE MARCHI SÃO PAULO
20707913000150,DE MARCHI SÃO PAULO
20709222000195,DE MARCHI SÃO PAULO
20709222000276,DE MARCHI SÃO PAULO
20712541000150,DE MARCHI SÃO PAULO
20742662000144,DE MARCHI SÃO PAULO
20745644000116,DE MARCHI SÃO PAULO
20746894000170,DE MARCHI SÃO PAULO
20756914000194,DE MARCHI SÃO PAULO
20759575000108,DE MARCHI SÃO PAULO
20765222000102,DE MARCHI SÃO PAULO
20765390000106,DE MARCHI SÃO PAULO
20784454000108,DE MARCHI SÃO PAULO
20811955000136,DE MARCHI SÃO PAULO
20835772000150,DE MARCHI SÃO PAULO
20844755000180,DE MARCHI SÃO PAULO
20856909000153,DE MARCHI SÃO PAULO
20862582000122,DE MARCHI SÃO PAULO
20886328000164,DE MARCHI SÃO PAULO
20908790000115,DE MARCHI SÃO PAULO
20919158000177,DE MARCHI SÃO PAULO
20921096000138,DE MARCHI SÃO PAULO
20921096000219,DE MARCHI SÃO PAULO
20927988000146,DE MARCHI SÃO PAULO
20928133000130,DE MARCHI SÃO PAULO
20947199000177,DE MARCHI SÃO PAULO
20287106000125,DE MARCHI SÃO PAULO
20300157000220,DE MARCHI SÃO PAULO
20300157000301,DE MARCHI SÃO PAULO
20300157000492,DE MARCHI SÃO PAULO
21006631000198,DE MARCHI SÃO PAULO
21018426000142,DE MARCHI SÃO PAULO
21035891000191,DE MARCHI SÃO PAULO
21040048000101,DE MARCHI SÃO PAULO
21043342000169,DE MARCHI SÃO PAULO
21055809000190,DE MARCHI SÃO PAULO
21055905000139,DE MARCHI SÃO PAULO
21062348000183,DE MARCHI SÃO PAULO
21069746000121,DE MARCHI SÃO PAULO
21081018000135,DE MARCHI SÃO PAULO
21089276000168,DE MARCHI SÃO PAULO
21126296000161,DE MARCHI SÃO PAULO
21132778000124,DE MARCHI SÃO PAULO
21143647000142,DE MARCHI SÃO PAULO
21146096000170,DE MARCHI SÃO PAULO
21148686000132,DE MARCHI SÃO PAULO
21153703000120,DE MARCHI SÃO PAULO
21212240000120,DE MARCHI SÃO PAULO
21217198000130,DE MARCHI SÃO PAULO
21232986000103,DE MARCHI SÃO PAULO
21293330000192,DE MARCHI SÃO PAULO
21317905000160,DE MARCHI SÃO PAULO
21321851000106,DE MARCHI SÃO PAULO
21337644000140,DE MARCHI SÃO PAULO
21360543000190,DE MARCHI SÃO PAULO
21381670000175,DE MARCHI SÃO PAULO
21398750000133,DE MARCHI SÃO PAULO
21407132000102,DE MARCHI SÃO PAULO
21417625000123,DE MARCHI SÃO PAULO
21446833000150,DE MARCHI SÃO PAULO
21447451000141,DE MARCHI SÃO PAULO
21449043000129,DE MARCHI SÃO PAULO
21460227000190,DE MARCHI SÃO PAULO
21462187000115,DE MARCHI SÃO PAULO
21481405000169,DE MARCHI SÃO PAULO
21497810000175,DE MARCHI SÃO PAULO
21514324000118,DE MARCHI SÃO PAULO
21521429000102,DE MARCHI SÃO PAULO
21551307000150,DE MARCHI SÃO PAULO
21565470000172,DE MARCHI SÃO PAULO
21572829000139,DE MARCHI SÃO PAULO
21578101000114,DE MARCHI SÃO PAULO
21580622000106,DE MARCHI SÃO PAULO
21597367000104,DE MARCHI SÃO PAULO
21601863000194,DE MARCHI SÃO PAULO
21602002000120,DE MARCHI SÃO PAULO
21608983000113,DE MARCHI SÃO PAULO
21610512000140,DE MARCHI SÃO PAULO
21658720000119,DE MARCHI SÃO PAULO
21660612000180,DE MARCHI SÃO PAULO
21669235000140,DE MARCHI SÃO PAULO
21690709000136,DE MARCHI SÃO PAULO
21701813000189,DE MARCHI SÃO PAULO
21713885000146,DE MARCHI SÃO PAULO
21728946000149,DE MARCHI SÃO PAULO
21735875000101,DE MARCHI SÃO PAULO
21785257000176,DE MARCHI SÃO PAULO
21794496000192,DE MARCHI SÃO PAULO
21822268000189,DE MARCHI SÃO PAULO
21831513000114,DE MARCHI SÃO PAULO
21839008000116,DE MARCHI SÃO PAULO
21841833000155,DE MARCHI SÃO PAULO
21859799000146,DE MARCHI SÃO PAULO
21865584000138,DE MARCHI SÃO PAULO
21884627000122,DE MARCHI SÃO PAULO
21902510000124,DE MARCHI SÃO PAULO
21918399000164,DE MARCHI SÃO PAULO
21920821000116,DE MARCHI SÃO PAULO
21920821000205,DE MARCHI SÃO PAULO
21920821000388,DE MARCHI SÃO PAULO
21933196000147,DE MARCHI SÃO PAULO
21949641000167,DE MARCHI SÃO PAULO
21963703000195,DE MARCHI SÃO PAULO
21976700000196,DE MARCHI SÃO PAULO
21034328000107,DE MARCHI SÃO PAULO
21411006000121,DE MARCHI SÃO PAULO
21572113000131,DE MARCHI SÃO PAULO
21596977000193,DE MARCHI SÃO PAULO
22012766000129,DE MARCHI SÃO PAULO
22027027000100,DE MARCHI SÃO PAULO
22071913000131,DE MARCHI SÃO PAULO
22099019000170,DE MARCHI SÃO PAULO
22109035000104,DE MARCHI SÃO PAULO
22112125000146,DE MARCHI SÃO PAULO
22139833000170,DE MARCHI SÃO PAULO
22140485000151,DE MARCHI SÃO PAULO
22159004000150,DE MARCHI SÃO PAULO
22161836000100,DE MARCHI SÃO PAULO
22171124000172,DE MARCHI SÃO PAULO
22187887000101,DE MARCHI SÃO PAULO
22217378000184,DE MARCHI SÃO PAULO
22244021000195,DE MARCHI SÃO PAULO
22247873000136,DE MARCHI SÃO PAULO
22289228000186,DE MARCHI SÃO PAULO
22297761000190,DE MARCHI SÃO PAULO
22300292000110,DE MARCHI SÃO PAULO
22310443000111,DE MARCHI SÃO PAULO
22330133000169,DE MARCHI SÃO PAULO
22333191000146,DE MARCHI SÃO PAULO
22359457000120,DE MARCHI SÃO PAULO
22365768000100,DE MARCHI SÃO PAULO
22373688000198,DE MARCHI SÃO PAULO
22386095000166,DE MARCHI SÃO PAULO
22406364000109,DE MARCHI SÃO PAULO
22407598000170,DE MARCHI SÃO PAULO
22408214000134,DE MARCHI SÃO PAULO
22424802000161,DE MARCHI SÃO PAULO
22441738000127,DE MARCHI SÃO PAULO
22453001000124,DE MARCHI SÃO PAULO
22473795000198,DE MARCHI SÃO PAULO
22476307000104,DE MARCHI SÃO PAULO
22478808000111,DE MARCHI SÃO PAULO
22483145000123,DE MARCHI SÃO PAULO
22484649000168,DE MARCHI SÃO PAULO
22520427000153,DE MARCHI SÃO PAULO
22520451000192,DE MARCHI SÃO PAULO
22521825000194,DE MARCHI SÃO PAULO
22546328000140,DE MARCHI SÃO PAULO
22562587000165,DE MARCHI SÃO PAULO
22563958000123,DE MARCHI SÃO PAULO
22565249000187,DE MARCHI SÃO PAULO
22566221000164,DE MARCHI SÃO PAULO
22577188000178,DE MARCHI SÃO PAULO
22589640000111,DE MARCHI SÃO PAULO
22603725000107,DE MARCHI SÃO PAULO
22627523000103,DE MARCHI SÃO PAULO
22629965000180,DE MARCHI SÃO PAULO
22673520000106,DE MARCHI SÃO PAULO
22674206000130,DE MARCHI SÃO PAULO
22675703000152,DE MARCHI SÃO PAULO
22677596000100,DE MARCHI SÃO PAULO
22690932000146,DE MARCHI SÃO PAULO
22719811000180,DE MARCHI SÃO PAULO
22732288000121,DE MARCHI SÃO PAULO
22734153000103,DE MARCHI SÃO PAULO
22783053000169,DE MARCHI SÃO PAULO
22800765000149,DE MARCHI SÃO PAULO
22801194000167,DE MARCHI SÃO PAULO
22822338000161,DE MARCHI SÃO PAULO
22823747000182,DE MARCHI SÃO PAULO
22851288000140,DE MARCHI SÃO PAULO
22856604000177,DE MARCHI SÃO PAULO
22870579000186,DE MARCHI SÃO PAULO
22873519000117,DE MARCHI SÃO PAULO
22883651000100,DE MARCHI SÃO PAULO
22898526000173,DE MARCHI SÃO PAULO
22908777000191,DE MARCHI SÃO PAULO
22910543000189,DE MARCHI SÃO PAULO
22948510000128,DE MARCHI SÃO PAULO
22955654000101,DE MARCHI SÃO PAULO
22957693000148,DE MARCHI SÃO PAULO
22964214000110,DE MARCHI SÃO PAULO
22966728000105,DE MARCHI SÃO PAULO
22977179000174,DE MARCHI SÃO PAULO
23014258000142,DE MARCHI SÃO PAULO
23063248000105,DE MARCHI SÃO PAULO
23112612000171,DE MARCHI SÃO PAULO
23124145000108,DE MARCHI SÃO PAULO
23176796000133,DE MARCHI SÃO PAULO
23182830000182,DE MARCHI SÃO PAULO
23199899000119,DE MARCHI SÃO PAULO
23202850000178,DE MARCHI SÃO PAULO
23226410000150,DE MARCHI SÃO PAULO
23228078000163,DE MARCHI SÃO PAULO
23228305000150,DE MARCHI SÃO PAULO
23243556000104,DE MARCHI SÃO PAULO
23253742000124,DE MARCHI SÃO PAULO
23364146000111,DE MARCHI SÃO PAULO
23364154000168,DE MARCHI SÃO PAULO
23410446000190,DE MARCHI SÃO PAULO
23410625000127,DE MARCHI SÃO PAULO
23424885000151,DE MARCHI SÃO PAULO
23428256000108,DE MARCHI SÃO PAULO
23455612000255,DE MARCHI SÃO PAULO
23502593000190,DE MARCHI SÃO PAULO
23507274000177,DE MARCHI SÃO PAULO
23520373000199,DE MARCHI SÃO PAULO
23524277000119,DE MARCHI SÃO PAULO
23529398000153,DE MARCHI SÃO PAULO
23538972000130,DE MARCHI SÃO PAULO
23561377000115,DE MARCHI SÃO PAULO
23569125000132,DE MARCHI SÃO PAULO
23611110000195,DE MARCHI SÃO PAULO
23627657000189,DE MARCHI SÃO PAULO
23645031000103,DE MARCHI SÃO PAULO
23658893000162,DE MARCHI SÃO PAULO
23697951000167,DE MARCHI SÃO PAULO
23699447000104,DE MARCHI SÃO PAULO
23700225000156,DE MARCHI SÃO PAULO
23709014000184,DE MARCHI SÃO PAULO
23714035000279,DE MARCHI SÃO PAULO
23729877000113,DE MARCHI SÃO PAULO
23740677000161,DE MARCHI SÃO PAULO
23740722000188,DE MARCHI SÃO PAULO
23758506000160,DE MARCHI SÃO PAULO
23767764000102,DE MARCHI SÃO PAULO
23794072000153,DE MARCHI SÃO PAULO
23799290000180,DE MARCHI SÃO PAULO
23814918000170,DE MARCHI SÃO PAULO
23828150000193,DE MARCHI SÃO PAULO
23829510000171,DE MARCHI SÃO PAULO
23861375000141,DE MARCHI SÃO PAULO
23865417000112,DE MARCHI SÃO PAULO
23867891000183,DE MARCHI SÃO PAULO
23868438000191,DE MARCHI SÃO PAULO
23889693000110,DE MARCHI SÃO PAULO
23890475000104,DE MARCHI SÃO PAULO
23894098000173,DE MARCHI SÃO PAULO
23894786000133,DE MARCHI SÃO PAULO
23894812000123,DE MARCHI SÃO PAULO
23895067000137,DE MARCHI SÃO PAULO
23923505000123,DE MARCHI SÃO PAULO
23924626000190,DE MARCHI SÃO PAULO
23924626000270,DE MARCHI SÃO PAULO
23940660000158,DE MARCHI SÃO PAULO
23949190000193,DE MARCHI SÃO PAULO
23961341000129,DE MARCHI SÃO PAULO
23980086000161,DE MARCHI SÃO PAULO
23980086000323,DE MARCHI SÃO PAULO
23999978000104,DE MARCHI SÃO PAULO
23502237000176,DE MARCHI SÃO PAULO
23569724000156,DE MARCHI SÃO PAULO
23589233000177,DE MARCHI SÃO PAULO
23972145000150,DE MARCHI SÃO PAULO
23982079000107,DE MARCHI SÃO PAULO
24030508000109,DE MARCHI SÃO PAULO
24051557000110,DE MARCHI SÃO PAULO
24087943000161,DE MARCHI SÃO PAULO
24127474000167,DE MARCHI SÃO PAULO
24129058000106,DE MARCHI SÃO PAULO
24130122000160,DE MARCHI SÃO PAULO
24141814000104,DE MARCHI SÃO PAULO
24147274000176,DE MARCHI SÃO PAULO
24159329000400,DE MARCHI SÃO PAULO
24159329000672,DE MARCHI SÃO PAULO
24167658000150,DE MARCHI SÃO PAULO
24194170000112,DE MARCHI SÃO PAULO
24199906000145,DE MARCHI SÃO PAULO
24205220000110,DE MARCHI SÃO PAULO
24211223000166,DE MARCHI SÃO PAULO
24215995000176,DE MARCHI SÃO PAULO
24228535000182,DE MARCHI SÃO PAULO
24229963000120,DE MARCHI SÃO PAULO
24236153000109,DE MARCHI SÃO PAULO
24250986000116,DE MARCHI SÃO PAULO
24252029000129,DE MARCHI SÃO PAULO
24264962000116,DE MARCHI SÃO PAULO
24316765000101,DE MARCHI SÃO PAULO
24319177000113,DE MARCHI SÃO PAULO
24332484000134,DE MARCHI SÃO PAULO
24334057000195,DE MARCHI SÃO PAULO
24350202000121,DE MARCHI SÃO PAULO
24354120000155,DE MARCHI SÃO PAULO
24355497000129,DE MARCHI SÃO PAULO
24377673000123,DE MARCHI SÃO PAULO
24422325000120,DE MARCHI SÃO PAULO
24429732000160,DE MARCHI SÃO PAULO
24432447000106,DE MARCHI SÃO PAULO
24435273000127,DE MARCHI SÃO PAULO
24448656000130,DE MARCHI SÃO PAULO
24449126000106,DE MARCHI SÃO PAULO
24459299000105,DE MARCHI SÃO PAULO
24459422000198,DE MARCHI SÃO PAULO
24463377000145,DE MARCHI SÃO PAULO
24473923000129,DE MARCHI SÃO PAULO
24484548000112,DE MARCHI SÃO PAULO
24502450000140,DE MARCHI SÃO PAULO
24510981000185,DE MARCHI SÃO PAULO
24512232000197,DE MARCHI SÃO PAULO
24525837000112,DE MARCHI SÃO PAULO
24543332000180,DE MARCHI SÃO PAULO
24543373000177,DE MARCHI SÃO PAULO
24552358000195,DE MARCHI SÃO PAULO
24562922000150,DE MARCHI SÃO PAULO
24565445000187,DE MARCHI SÃO PAULO
24572323000118,DE MARCHI SÃO PAULO
24572323000118,DE MARCHI SÃO PAULO
24582384000166,DE MARCHI SÃO PAULO
24652189000165,DE MARCHI SÃO PAULO
24661717000142,DE MARCHI SÃO PAULO
24730650000150,DE MARCHI SÃO PAULO
24732112000286,DE MARCHI SÃO PAULO
24777694000136,DE MARCHI SÃO PAULO
24815461000180,DE MARCHI SÃO PAULO
24822335000153,DE MARCHI SÃO PAULO
24822802000145,DE MARCHI SÃO PAULO
24841973000111,DE MARCHI SÃO PAULO
24844969000107,DE MARCHI SÃO PAULO
24891576000154,DE MARCHI SÃO PAULO
24902734000124,DE MARCHI SÃO PAULO
24902734000205,DE MARCHI SÃO PAULO
24902734000477,DE MARCHI SÃO PAULO
24902734000558,DE MARCHI SÃO PAULO
24944810000164,DE MARCHI SÃO PAULO
24948091000150,DE MARCHI SÃO PAULO
24961003000150,DE MARCHI SÃO PAULO
24971436000196,DE MARCHI SÃO PAULO
24972300000109,DE MARCHI SÃO PAULO
24979364000123,DE MARCHI SÃO PAULO
24986719000101,DE MARCHI SÃO PAULO
24987358000118,DE MARCHI SÃO PAULO
24988512000176,DE MARCHI SÃO PAULO
24995032000132,DE MARCHI SÃO PAULO
24995686000166,DE MARCHI SÃO PAULO
24770013000108,DE MARCHI SÃO PAULO
25014401000121,DE MARCHI SÃO PAULO
25014940000160,DE MARCHI SÃO PAULO
25041347000103,DE MARCHI SÃO PAULO
25069217000189,DE MARCHI SÃO PAULO
25078960000103,DE MARCHI SÃO PAULO
25090279000172,DE MARCHI SÃO PAULO
25124465000185,DE MARCHI SÃO PAULO
25137317000103,DE MARCHI SÃO PAULO
25248157000161,DE MARCHI SÃO PAULO
25265821000180,DE MARCHI SÃO PAULO
25275381000142,DE MARCHI SÃO PAULO
25310492000142,DE MARCHI SÃO PAULO
25343297000119,DE MARCHI SÃO PAULO
25358403000138,DE MARCHI SÃO PAULO
25381865000176,DE MARCHI SÃO PAULO
25405701000131,DE MARCHI SÃO PAULO
25680841000118,DE MARCHI SÃO PAULO
26010778000175,DE MARCHI SÃO PAULO
26075328000160,DE MARCHI SÃO PAULO
26098652000102,DE MARCHI SÃO PAULO
26101132000101,DE MARCHI SÃO PAULO
26112408000149,DE MARCHI SÃO PAULO
26135395000123,DE MARCHI SÃO PAULO
26145744000198,DE MARCHI SÃO PAULO
26171039000165,DE MARCHI SÃO PAULO
26177435000108,DE MARCHI SÃO PAULO
26199584000160,DE MARCHI SÃO PAULO
26201164000170,DE MARCHI SÃO PAULO
26212194000182,DE MARCHI SÃO PAULO
26213296000112,DE MARCHI SÃO PAULO
26228958000128,DE MARCHI SÃO PAULO
26268023000175,DE MARCHI SÃO PAULO
26269380000158,DE MARCHI SÃO PAULO
26293970000116,DE MARCHI SÃO PAULO
26314967000131,DE MARCHI SÃO PAULO
26315094000181,DE MARCHI SÃO PAULO
26331188000144,DE MARCHI SÃO PAULO
26366519000181,DE MARCHI SÃO PAULO
26377160000148,DE MARCHI SÃO PAULO
26401213000119,DE MARCHI SÃO PAULO
26427762000162,DE MARCHI SÃO PAULO
26464322000185,DE MARCHI SÃO PAULO
26497331000172,DE MARCHI SÃO PAULO
26517197000124,DE MARCHI SÃO PAULO
26571848000164,DE MARCHI SÃO PAULO
26615400000103,DE MARCHI SÃO PAULO
26709184000157,DE MARCHI SÃO PAULO
26714039000164,DE MARCHI SÃO PAULO
26746760000136,DE MARCHI SÃO PAULO
26757274000113,DE MARCHI SÃO PAULO
26767330000109,DE MARCHI SÃO PAULO
26767757000107,DE MARCHI SÃO PAULO
26773410000169,DE MARCHI SÃO PAULO
26790457000130,DE MARCHI SÃO PAULO
26838237000130,DE MARCHI SÃO PAULO
26877797000101,DE MARCHI SÃO PAULO
26911931000135,DE MARCHI SÃO PAULO
26911931000216,DE MARCHI SÃO PAULO
26917448000168,DE MARCHI SÃO PAULO
26928138000149,DE MARCHI SÃO PAULO
26932811000114,DE MARCHI SÃO PAULO
26945787000158,DE MARCHI SÃO PAULO
26962581000136,DE MARCHI SÃO PAULO
26964120000100,DE MARCHI SÃO PAULO
26969713000151,DE MARCHI SÃO PAULO
26980027000181,DE MARCHI SÃO PAULO
26999097000181,DE MARCHI SÃO PAULO
27003304000169,DE MARCHI SÃO PAULO
27036365000122,DE MARCHI SÃO PAULO
27037300000100,DE MARCHI SÃO PAULO
27037385000118,DE MARCHI SÃO PAULO
27070355000103,DE MARCHI SÃO PAULO
27118813000137,DE MARCHI SÃO PAULO
27127197000180,DE MARCHI SÃO PAULO
27139902000755,DE MARCHI SÃO PAULO
27172852000112,DE MARCHI SÃO PAULO
27226212000148,DE MARCHI SÃO PAULO
27303537000187,DE MARCHI SÃO PAULO
27348221000101,DE MARCHI SÃO PAULO
27349163000130,DE MARCHI SÃO PAULO
27389459000185,DE MARCHI SÃO PAULO
27430702000161,DE MARCHI SÃO PAULO
27502052000112,DE MARCHI SÃO PAULO
27511189000133,DE MARCHI SÃO PAULO
27579506000153,DE MARCHI SÃO PAULO
27611192000129,DE MARCHI SÃO PAULO
27630001000176,DE MARCHI SÃO PAULO
27660670000190,DE MARCHI SÃO PAULO
27662542000186,DE MARCHI SÃO PAULO
27665080000150,DE MARCHI SÃO PAULO
27665906001668,DE MARCHI SÃO PAULO
27707426000136,DE MARCHI SÃO PAULO
27739081000100,DE MARCHI SÃO PAULO
27755130000190,DE MARCHI SÃO PAULO
27775267000107,DE MARCHI SÃO PAULO
27782533000129,DE MARCHI SÃO PAULO
27811993000138,DE MARCHI SÃO PAULO
27816463000182,DE MARCHI SÃO PAULO
27817441000137,DE MARCHI SÃO PAULO
27851701000190,DE MARCHI SÃO PAULO
27872200000190,DE MARCHI SÃO PAULO
27882085000135,DE MARCHI SÃO PAULO
27916670000109,DE MARCHI SÃO PAULO
27919973000185,DE MARCHI SÃO PAULO
27939630000344,DE MARCHI SÃO PAULO
27947986000249,DE MARCHI SÃO PAULO
27957351000141,DE MARCHI SÃO PAULO
27973632000198,DE MARCHI SÃO PAULO
27973633000132,DE MARCHI SÃO PAULO
27978798000105,DE MARCHI SÃO PAULO
27991302000125,DE MARCHI SÃO PAULO
27214242000134,DE MARCHI SÃO PAULO
28004390000197,DE MARCHI SÃO PAULO
28093684000132,DE MARCHI SÃO PAULO
28111415000151,DE MARCHI SÃO PAULO
28122830000100,DE MARCHI SÃO PAULO
28130526000105,DE MARCHI SÃO PAULO
28165375000120,DE MARCHI SÃO PAULO
28167481000143,DE MARCHI SÃO PAULO
28167481000224,DE MARCHI SÃO PAULO
28187887000198,DE MARCHI SÃO PAULO
28248796000115,DE MARCHI SÃO PAULO
28262439000101,DE MARCHI SÃO PAULO
28264870000197,DE MARCHI SÃO PAULO
28273393000126,DE MARCHI SÃO PAULO
28386501000177,DE MARCHI SÃO PAULO
28398500000142,DE MARCHI SÃO PAULO
28400617000113,DE MARCHI SÃO PAULO
28412145000119,DE MARCHI SÃO PAULO
28424514000193,DE MARCHI SÃO PAULO
28486734000141,DE MARCHI SÃO PAULO
28496092000161,DE MARCHI SÃO PAULO
28529072000140,DE MARCHI SÃO PAULO
28550527000109,DE MARCHI SÃO PAULO
28550527000370,DE MARCHI SÃO PAULO
28572219000184,DE MARCHI SÃO PAULO
28603337000102,DE MARCHI SÃO PAULO
28629918000113,DE MARCHI SÃO PAULO
28636478000121,DE MARCHI SÃO PAULO
28637209000180,DE MARCHI SÃO PAULO
28670945000130,DE MARCHI SÃO PAULO
28749019000154,DE MARCHI SÃO PAULO
28759172000162,DE MARCHI SÃO PAULO
28776715000150,DE MARCHI SÃO PAULO
28851396000108,DE MARCHI SÃO PAULO
28865747000121,DE MARCHI SÃO PAULO
28868778000136,DE MARCHI SÃO PAULO
28871304000143,DE MARCHI SÃO PAULO
28891290000120,DE MARCHI SÃO PAULO
28908435000158,DE MARCHI SÃO PAULO
28943367000168,DE MARCHI SÃO PAULO
28985131000194,DE MARCHI SÃO PAULO
28893093000140,DE MARCHI SÃO PAULO
29001133000164,DE MARCHI SÃO PAULO
29006222000101,DE MARCHI SÃO PAULO
29030437000150,DE MARCHI SÃO PAULO
29046757000106,DE MARCHI SÃO PAULO
29082057000169,DE MARCHI SÃO PAULO
29100032000140,DE MARCHI SÃO PAULO
29108893000175,DE MARCHI SÃO PAULO
29109607000196,DE MARCHI SÃO PAULO
29150822000130,DE MARCHI SÃO PAULO
29172654000184,DE MARCHI SÃO PAULO
29200034000101,DE MARCHI SÃO PAULO
29208532000109,DE MARCHI SÃO PAULO
29250401000181,DE MARCHI SÃO PAULO
29267305000146,DE MARCHI SÃO PAULO
29304124000142,DE MARCHI SÃO PAULO
29324262000193,DE MARCHI SÃO PAULO
29330069000165,DE MARCHI SÃO PAULO
29435640000106,DE MARCHI SÃO PAULO
29435693000127,DE MARCHI SÃO PAULO
29435693000208,DE MARCHI SÃO PAULO
29435693000399,DE MARCHI SÃO PAULO
29456199000149,DE MARCHI SÃO PAULO
29518813000150,DE MARCHI SÃO PAULO
29556341000120,DE MARCHI SÃO PAULO
29585547000188,DE MARCHI SÃO PAULO
29589788000103,DE MARCHI SÃO PAULO
29642989000119,DE MARCHI SÃO PAULO
29662869000183,DE MARCHI SÃO PAULO
29663292000124,DE MARCHI SÃO PAULO
29665989000134,DE MARCHI SÃO PAULO
29734570000197,DE MARCHI SÃO PAULO
29761734000175,DE MARCHI SÃO PAULO
29820067000154,DE MARCHI SÃO PAULO
29829698000134,DE MARCHI SÃO PAULO
29834336000131,DE MARCHI SÃO PAULO
29994212000113,DE MARCHI SÃO PAULO
29997626000104,DE MARCHI SÃO PAULO
29413774000126,DE MARCHI SÃO PAULO
30130218000121,DE MARCHI SÃO PAULO
30148015000162,DE MARCHI SÃO PAULO
30165698000166,DE MARCHI SÃO PAULO
30189497000107,DE MARCHI SÃO PAULO
30245214000199,DE MARCHI SÃO PAULO
30323376000106,DE MARCHI SÃO PAULO
30329905000170,DE MARCHI SÃO PAULO
30331088000195,DE MARCHI SÃO PAULO
30402112000130,DE MARCHI SÃO PAULO
30411293000160,DE MARCHI SÃO PAULO
30510793000150,DE MARCHI SÃO PAULO
30542366000153,DE MARCHI SÃO PAULO
30542366000234,DE MARCHI SÃO PAULO
30545638000179,DE MARCHI SÃO PAULO
30572280000173,DE MARCHI SÃO PAULO
30576773000181,DE MARCHI SÃO PAULO
30576773000343,DE MARCHI SÃO PAULO
30621499000115,DE MARCHI SÃO PAULO
30640956000119,DE MARCHI SÃO PAULO
30645473000107,DE MARCHI SÃO PAULO
30679276000290,DE MARCHI SÃO PAULO
30681403000104,DE MARCHI SÃO PAULO
30686309000148,DE MARCHI SÃO PAULO
30733529000185,DE MARCHI SÃO PAULO
30733861000140,DE MARCHI SÃO PAULO
30761208000194,DE MARCHI SÃO PAULO
30785574000183,DE MARCHI SÃO PAULO
30816598000152,DE MARCHI SÃO PAULO
30861204000188,DE MARCHI SÃO PAULO
30917902000158,DE MARCHI SÃO PAULO
30920885000108,DE MARCHI SÃO PAULO
30947103000124,DE MARCHI SÃO PAULO
30957829000148,DE MARCHI SÃO PAULO
30998732000183,DE MARCHI SÃO PAULO
31042588000170,DE MARCHI SÃO PAULO
31117282000135,DE MARCHI SÃO PAULO
31163927000176,DE MARCHI SÃO PAULO
31174938000151,DE MARCHI SÃO PAULO
31188000000190,DE MARCHI SÃO PAULO
31249591000169,DE MARCHI SÃO PAULO
31251618000158,DE MARCHI SÃO PAULO
31274593000108,DE MARCHI SÃO PAULO
31325717000137,DE MARCHI SÃO PAULO
31329552000171,DE MARCHI SÃO PAULO
31330668000120,DE MARCHI SÃO PAULO
31406844000160,DE MARCHI SÃO PAULO
31441741000131,DE MARCHI SÃO PAULO
31444039000121,DE MARCHI SÃO PAULO
31460867000153,DE MARCHI SÃO PAULO
31556362000197,DE MARCHI SÃO PAULO
31645755000177,DE MARCHI SÃO PAULO
31698506000140,DE MARCHI SÃO PAULO
31717064000131,DE MARCHI SÃO PAULO
31759407000120,DE MARCHI SÃO PAULO
31773002000147,DE MARCHI SÃO PAULO
31778512000107,DE MARCHI SÃO PAULO
31807719000162,DE MARCHI SÃO PAULO
31809727000148,DE MARCHI SÃO PAULO
31865622000106,DE MARCHI SÃO PAULO
31870500000108,DE MARCHI SÃO PAULO
31885980000180,DE MARCHI SÃO PAULO
31907627000154,DE MARCHI SÃO PAULO
31965727000137,DE MARCHI SÃO PAULO
31969957000174,DE MARCHI SÃO PAULO
31370048000115,DE MARCHI SÃO PAULO
32008521000181,DE MARCHI SÃO PAULO
32044542000152,DE MARCHI SÃO PAULO
32048018000150,DE MARCHI SÃO PAULO
32051818000120,DE MARCHI SÃO PAULO
32087588000159,DE MARCHI SÃO PAULO
32125484000191,DE MARCHI SÃO PAULO
32163524000190,DE MARCHI SÃO PAULO
32201787000146,DE MARCHI SÃO PAULO
32204219000107,DE MARCHI SÃO PAULO
32214601000193,DE MARCHI SÃO PAULO
32214601000274,DE MARCHI SÃO PAULO
32259625000169,DE MARCHI SÃO PAULO
32259972000191,DE MARCHI SÃO PAULO
32288133000100,DE MARCHI SÃO PAULO
32301105000258,DE MARCHI SÃO PAULO
32311791000167,DE MARCHI SÃO PAULO
32367839000159,DE MARCHI SÃO PAULO
32372502000130,DE MARCHI SÃO PAULO
32407424000161,DE MARCHI SÃO PAULO
32462964000148,DE MARCHI SÃO PAULO
32511133000208,DE MARCHI SÃO PAULO
32513100000108,DE MARCHI SÃO PAULO
32571958000129,DE MARCHI SÃO PAULO
32607747000107,DE MARCHI SÃO PAULO
32609027000172,DE MARCHI SÃO PAULO
32678980000415,DE MARCHI SÃO PAULO
32734924000108,DE MARCHI SÃO PAULO
32751112000170,DE MARCHI SÃO PAULO
32829760000100,DE MARCHI SÃO PAULO
32862372000113,DE MARCHI SÃO PAULO
32902703000100,DE MARCHI SÃO PAULO
32918640000171,DE MARCHI SÃO PAULO
32954866000128,DE MARCHI SÃO PAULO
32960164000157,DE MARCHI SÃO PAULO
32974778000198,DE MARCHI SÃO PAULO
33013362000176,DE MARCHI SÃO PAULO
33058131000189,DE MARCHI SÃO PAULO
33058982000121,DE MARCHI SÃO PAULO
33112978000102,DE MARCHI SÃO PAULO
33130954000178,DE MARCHI SÃO PAULO
33176552000104,DE MARCHI SÃO PAULO
33234553000168,DE MARCHI SÃO PAULO
33258985000109,DE MARCHI SÃO PAULO
33268804000125,DE MARCHI SÃO PAULO
33309726000160,DE MARCHI SÃO PAULO
33346853000139,DE MARCHI SÃO PAULO
33375601002939,DE MARCHI SÃO PAULO
33402862000108,DE MARCHI SÃO PAULO
33409887000125,DE MARCHI SÃO PAULO
33427523000178,DE MARCHI SÃO PAULO
33430233000183,DE MARCHI SÃO PAULO
33433965000127,DE MARCHI SÃO PAULO
33448987000160,DE MARCHI SÃO PAULO
33482731000170,DE MARCHI SÃO PAULO
33546587000198,DE MARCHI SÃO PAULO
33590461000110,DE MARCHI SÃO PAULO
33638279000192,DE MARCHI SÃO PAULO
33705056000109,DE MARCHI SÃO PAULO
33707534000101,DE MARCHI SÃO PAULO
33746542000167,DE MARCHI SÃO PAULO
33800571000160,DE MARCHI SÃO PAULO
33802982000194,DE MARCHI SÃO PAULO
33825207000154,DE MARCHI SÃO PAULO
33834768000110,DE MARCHI SÃO PAULO
33838201000111,DE MARCHI SÃO PAULO
33973230000196,DE MARCHI SÃO PAULO
33973246000107,DE MARCHI SÃO PAULO
33983344000117,DE MARCHI SÃO PAULO
33992425000183,DE MARCHI SÃO PAULO
33963905000116,DE MARCHI SÃO PAULO
34049802000108,DE MARCHI SÃO PAULO
34088798000197,DE MARCHI SÃO PAULO
34092154000172,DE MARCHI SÃO PAULO
34099293000128,DE MARCHI SÃO PAULO
34104207000128,DE MARCHI SÃO PAULO
34284712000100,DE MARCHI SÃO PAULO
34297472000170,DE MARCHI SÃO PAULO
34331690000183,DE MARCHI SÃO PAULO
34367432000157,DE MARCHI SÃO PAULO
34394147000125,DE MARCHI SÃO PAULO
34426089000174,DE MARCHI SÃO PAULO
34440060000147,DE MARCHI SÃO PAULO
34468276000110,DE MARCHI SÃO PAULO
34505731000100,DE MARCHI SÃO PAULO
34579867000165,DE MARCHI SÃO PAULO
34598033000105,DE MARCHI SÃO PAULO
34717411000114,DE MARCHI SÃO PAULO
34719664000127,DE MARCHI SÃO PAULO
34730595000152,DE MARCHI SÃO PAULO
34790529000178,DE MARCHI SÃO PAULO
34867919000107,DE MARCHI SÃO PAULO
34873126000192,DE MARCHI SÃO PAULO
34879503000109,DE MARCHI SÃO PAULO
34895285000198,DE MARCHI SÃO PAULO
34897767000187,DE MARCHI SÃO PAULO
34992589000173,DE MARCHI SÃO PAULO
34614035000132,DE MARCHI SÃO PAULO
34733751000139,DE MARCHI SÃO PAULO
35000026000114,DE MARCHI SÃO PAULO
35029237000180,DE MARCHI SÃO PAULO
35033994000127,DE MARCHI SÃO PAULO
35036868000126,DE MARCHI SÃO PAULO
35036868000207,DE MARCHI SÃO PAULO
35071044000197,DE MARCHI SÃO PAULO
35094290000164,DE MARCHI SÃO PAULO
35096351000122,DE MARCHI SÃO PAULO
35099110000137,DE MARCHI SÃO PAULO
35114772000139,DE MARCHI SÃO PAULO
35125305000104,DE MARCHI SÃO PAULO
35153051000138,DE MARCHI SÃO PAULO
35166516000195,DE MARCHI SÃO PAULO
35186905000182,DE MARCHI SÃO PAULO
35238680000160,DE MARCHI SÃO PAULO
35270097000137,DE MARCHI SÃO PAULO
35283889000146,DE MARCHI SÃO PAULO
35347194000180,DE MARCHI SÃO PAULO
35349354000120,DE MARCHI SÃO PAULO
35353465000100,DE MARCHI SÃO PAULO
35382872000146,DE MARCHI SÃO PAULO
35387995000170,DE MARCHI SÃO PAULO
35405101000127,DE MARCHI SÃO PAULO
35434844000125,DE MARCHI SÃO PAULO
35456151000133,DE MARCHI SÃO PAULO
35461243000292,DE MARCHI SÃO PAULO
35471317000190,DE MARCHI SÃO PAULO
35471317000603,DE MARCHI SÃO PAULO
35474779000161,DE MARCHI SÃO PAULO
35481274000124,DE MARCHI SÃO PAULO
35533579000132,DE MARCHI SÃO PAULO
35534197000123,DE MARCHI SÃO PAULO
35550872000108,DE MARCHI SÃO PAULO
35565760000120,DE MARCHI SÃO PAULO
35568535000148,DE MARCHI SÃO PAULO
35573506000174,DE MARCHI SÃO PAULO
35574552000198,DE MARCHI SÃO PAULO
35627413000428,DE MARCHI SÃO PAULO
35627413000509,DE MARCHI SÃO PAULO
35627413000690,DE MARCHI SÃO PAULO
35670345000137,DE MARCHI SÃO PAULO
35683838000101,DE MARCHI SÃO PAULO
35727859000181,DE MARCHI SÃO PAULO
35852552000102,DE MARCHI SÃO PAULO
35865079000106,DE MARCHI SÃO PAULO
35898288000148,DE MARCHI SÃO PAULO
35936587000120,DE MARCHI SÃO PAULO
35966805000179,DE MARCHI SÃO PAULO
35792690000143,DE MARCHI SÃO PAULO
36063440000135,DE MARCHI SÃO PAULO
36104918000128,DE MARCHI SÃO PAULO
36125325000148,DE MARCHI SÃO PAULO
36130973000192,DE MARCHI SÃO PAULO
36228635000198,DE MARCHI SÃO PAULO
36250354000131,DE MARCHI SÃO PAULO
36258970000139,DE MARCHI SÃO PAULO
36419878000294,DE MARCHI SÃO PAULO
36453245000111,DE MARCHI SÃO PAULO
36596301000177,DE MARCHI SÃO PAULO
36618274000196,DE MARCHI SÃO PAULO
36666341000148,DE MARCHI SÃO PAULO
36681645000184,DE MARCHI SÃO PAULO
36790406000162,DE MARCHI SÃO PAULO
36808825000184,DE MARCHI SÃO PAULO
36832120000100,DE MARCHI SÃO PAULO
36855350000187,DE MARCHI SÃO PAULO
36968171000156,DE MARCHI SÃO PAULO
36323085000196,DE MARCHI SÃO PAULO
36494889000158,DE MARCHI SÃO PAULO
37012256000129,DE MARCHI SÃO PAULO
37062903000107,DE MARCHI SÃO PAULO
37173335000111,DE MARCHI SÃO PAULO
37314345000120,DE MARCHI SÃO PAULO
37395849000111,DE MARCHI SÃO PAULO
37415164000190,DE MARCHI SÃO PAULO
37529030000108,DE MARCHI SÃO PAULO
37566793000110,DE MARCHI SÃO PAULO
37581922000140,DE MARCHI SÃO PAULO
37680432000109,DE MARCHI SÃO PAULO
37776711000162,DE MARCHI SÃO PAULO
37783845000100,DE MARCHI SÃO PAULO
37862297000104,DE MARCHI SÃO PAULO
37924783000100,DE MARCHI SÃO PAULO
37996120000109,DE MARCHI SÃO PAULO
37536194000154,DE MARCHI SÃO PAULO
37567007000108,DE MARCHI SÃO PAULO
37781245000103,DE MARCHI SÃO PAULO
38015565000115,DE MARCHI SÃO PAULO
38154642000118,DE MARCHI SÃO PAULO
38209732000169,DE MARCHI SÃO PAULO
38273427000136,DE MARCHI SÃO PAULO
38297272000178,DE MARCHI SÃO PAULO
38322347000123,DE MARCHI SÃO PAULO
38341963000121,DE MARCHI SÃO PAULO
38406563000157,DE MARCHI SÃO PAULO
38648845000160,DE MARCHI SÃO PAULO
38800461000111,DE MARCHI SÃO PAULO
38905591000119,DE MARCHI SÃO PAULO
38905591000208,DE MARCHI SÃO PAULO
38946881000100,DE MARCHI SÃO PAULO
39154300000160,DE MARCHI SÃO PAULO
39263883000168,DE MARCHI SÃO PAULO
39324547000188,DE MARCHI SÃO PAULO
39339268000198,DE MARCHI SÃO PAULO
39346861001214,DE MARCHI SÃO PAULO
39346861002377,DE MARCHI SÃO PAULO
39346861003349,DE MARCHI SÃO PAULO
39346861003420,DE MARCHI SÃO PAULO
39346861004078,DE MARCHI SÃO PAULO
39346861005988,DE MARCHI SÃO PAULO
39346861007255,DE MARCHI SÃO PAULO
39346861007840,DE MARCHI SÃO PAULO
39346861008308,DE MARCHI SÃO PAULO
39346861008499,DE MARCHI SÃO PAULO
39346861008650,DE MARCHI SÃO PAULO
39346861010396,DE MARCHI SÃO PAULO
39346861011600,DE MARCHI SÃO PAULO
39346861011953,DE MARCHI SÃO PAULO
39346861014383,DE MARCHI SÃO PAULO
39346861014898,DE MARCHI SÃO PAULO
39346861041518,DE MARCHI SÃO PAULO
39346861045181,DE MARCHI SÃO PAULO
39356342000184,DE MARCHI SÃO PAULO
39359944000195,DE MARCHI SÃO PAULO
39435737000172,DE MARCHI SÃO PAULO
39588345000143,DE MARCHI SÃO PAULO
39623951000152,DE MARCHI SÃO PAULO
39625189000143,DE MARCHI SÃO PAULO
39625189000224,DE MARCHI SÃO PAULO
39628502000105,DE MARCHI SÃO PAULO
39691741000100,DE MARCHI SÃO PAULO
39709544000162,DE MARCHI SÃO PAULO
39729402000167,DE MARCHI SÃO PAULO
39786504001277,DE MARCHI SÃO PAULO
39877281000109,DE MARCHI SÃO PAULO
39951806000109,DE MARCHI SÃO PAULO
396 108 958 24,DE MARCHI SÃO PAULO
40034735000150,DE MARCHI SÃO PAULO
40078785000130,DE MARCHI SÃO PAULO
40092719000114,DE MARCHI SÃO PAULO
40102315000164,DE MARCHI SÃO PAULO
40190692000100,DE MARCHI SÃO PAULO
40254006000100,DE MARCHI SÃO PAULO
40266571000197,DE MARCHI SÃO PAULO
40266571000278,DE MARCHI SÃO PAULO
40294913000182,DE MARCHI SÃO PAULO
40448203000160,DE MARCHI SÃO PAULO
40545813000181,DE MARCHI SÃO PAULO
40556930000140,DE MARCHI SÃO PAULO
40568140000185,DE MARCHI SÃO PAULO
40636109000134,DE MARCHI SÃO PAULO
40793230000170,DE MARCHI SÃO PAULO
40802800000140,DE MARCHI SÃO PAULO
40818106000111,DE MARCHI SÃO PAULO
40819823000168,DE MARCHI SÃO PAULO
40820642000151,DE MARCHI SÃO PAULO
40834939000176,DE MARCHI SÃO PAULO
40856492000136,DE MARCHI SÃO PAULO
40858953000100,DE MARCHI SÃO PAULO
40861414000120,DE MARCHI SÃO PAULO
40862849000199,DE MARCHI SÃO PAULO
40862849000270,DE MARCHI SÃO PAULO
40864761000106,DE MARCHI SÃO PAULO
40880957000194,DE MARCHI SÃO PAULO
40885766000115,DE MARCHI SÃO PAULO
40899697000107,DE MARCHI SÃO PAULO
40922665000177,DE MARCHI SÃO PAULO
40939255000139,DE MARCHI SÃO PAULO
40976449000104,DE MARCHI SÃO PAULO
40984289000145,DE MARCHI SÃO PAULO
41018914000167,DE MARCHI SÃO PAULO
41019667000113,DE MARCHI SÃO PAULO
41040742000128,DE MARCHI SÃO PAULO
41067364000176,DE MARCHI SÃO PAULO
41095316000191,DE MARCHI SÃO PAULO
41185455000106,DE MARCHI SÃO PAULO
41185455000297,DE MARCHI SÃO PAULO
41185455000378,DE MARCHI SÃO PAULO
41185455000610,DE MARCHI SÃO PAULO
41185455000700,DE MARCHI SÃO PAULO
41185455000882,DE MARCHI SÃO PAULO
41185455000963,DE MARCHI SÃO PAULO
41185455001005,DE MARCHI SÃO PAULO
41185455001188,DE MARCHI SÃO PAULO
41185455001269,DE MARCHI SÃO PAULO
41185455001501,DE MARCHI SÃO PAULO
41185455001692,DE MARCHI SÃO PAULO
41185455001773,DE MARCHI SÃO PAULO
41185455002079,DE MARCHI SÃO PAULO
41185455002583,DE MARCHI SÃO PAULO
41198114000175,DE MARCHI SÃO PAULO
41221516000143,DE MARCHI SÃO PAULO
41230849000139,DE MARCHI SÃO PAULO
41244955000171,DE MARCHI SÃO PAULO
41245101000100,DE MARCHI SÃO PAULO
41249541000135,DE MARCHI SÃO PAULO
41364065000101,DE MARCHI SÃO PAULO
41408571000147,DE MARCHI SÃO PAULO
41436558000100,DE MARCHI SÃO PAULO
41819148000130,DE MARCHI SÃO PAULO
41835611000137,DE MARCHI SÃO PAULO
41908102000197,DE MARCHI SÃO PAULO
41918240000157,DE MARCHI SÃO PAULO
41931990000169,DE MARCHI SÃO PAULO
41017963000185,DE MARCHI SÃO PAULO
42227031000120,DE MARCHI SÃO PAULO
42510665000195,DE MARCHI SÃO PAULO
42536338000102,DE MARCHI SÃO PAULO
42572970000101,DE MARCHI SÃO PAULO
42632073000146,DE MARCHI SÃO PAULO
42706404000145,DE MARCHI SÃO PAULO
42710995000124,DE MARCHI SÃO PAULO
42782593000135,DE MARCHI SÃO PAULO
42904531000159,DE MARCHI SÃO PAULO
42933165000166,DE MARCHI SÃO PAULO
42938012000101,DE MARCHI SÃO PAULO
42958219000148,DE MARCHI SÃO PAULO
42069824000168,DE MARCHI SÃO PAULO
43007774000157,DE MARCHI SÃO PAULO
43172759000164,DE MARCHI SÃO PAULO
43173638000137,DE MARCHI SÃO PAULO
43296511000105,DE MARCHI SÃO PAULO
43347072000112,DE MARCHI SÃO PAULO
43358448000194,DE MARCHI SÃO PAULO
43408762000134,DE MARCHI SÃO PAULO
43449141000107,DE MARCHI SÃO PAULO
43641940000172,DE MARCHI SÃO PAULO
43753925000116,DE MARCHI SÃO PAULO
43762989000183,DE MARCHI SÃO PAULO
43772282000158,DE MARCHI SÃO PAULO
43907198000102,DE MARCHI SÃO PAULO
44052919000102,DE MARCHI SÃO PAULO
44306878000125,DE MARCHI SÃO PAULO
44329592000165,DE MARCHI SÃO PAULO
44338775000147,DE MARCHI SÃO PAULO
44346541000141,DE MARCHI SÃO PAULO
44362729000183,DE MARCHI SÃO PAULO
44372681000194,DE MARCHI SÃO PAULO
44397171000171,DE MARCHI SÃO PAULO
44471095000105,DE MARCHI SÃO PAULO
44692524000166,DE MARCHI SÃO PAULO
44819244000176,DE MARCHI SÃO PAULO
44892283000107,DE MARCHI SÃO PAULO
44894559000188,DE MARCHI SÃO PAULO
44960885000146,DE MARCHI SÃO PAULO
45084345000109,DE MARCHI SÃO PAULO
45326820000106,DE MARCHI SÃO PAULO
45355079000101,DE MARCHI SÃO PAULO
45430826000129,DE MARCHI SÃO PAULO
45442145000180,DE MARCHI SÃO PAULO
45543915006112,DE MARCHI SÃO PAULO
45543915006899,DE MARCHI SÃO PAULO
45543915029759,DE MARCHI SÃO PAULO
45543915030099,DE MARCHI SÃO PAULO
45543915030412,DE MARCHI SÃO PAULO
45543915031818,DE MARCHI SÃO PAULO
45543915031907,DE MARCHI SÃO PAULO
45543915041880,DE MARCHI SÃO PAULO
45543915044120,DE MARCHI SÃO PAULO
45543915047307,DE MARCHI SÃO PAULO
45627375000114,DE MARCHI SÃO PAULO
45771293000149,DE MARCHI SÃO PAULO
45866181000171,DE MARCHI SÃO PAULO
46165911000170,DE MARCHI SÃO PAULO
46250480000140,DE MARCHI SÃO PAULO
46703937000124,DE MARCHI SÃO PAULO
47427653000549,DE MARCHI SÃO PAULO
47427653001944,DE MARCHI SÃO PAULO
47427653003807,DE MARCHI SÃO PAULO
47427653004102,DE MARCHI SÃO PAULO
47427653004293,DE MARCHI SÃO PAULO
47427653004455,DE MARCHI SÃO PAULO
47427653004706,DE MARCHI SÃO PAULO
47427653005184,DE MARCHI SÃO PAULO
47427653007551,DE MARCHI SÃO PAULO
47427653008523,DE MARCHI SÃO PAULO
47427653009171,DE MARCHI SÃO PAULO
47508411038048,DE MARCHI SÃO PAULO
47508411115646,DE MARCHI SÃO PAULO
49930514030980,DE MARCHI SÃO PAULO
49930514031448,DE MARCHI SÃO PAULO
50221019005286,DE MARCHI SÃO PAULO
67945071001290,DE MARCHI SÃO PAULO
67945071065930,DE MARCHI SÃO PAULO
67945071077947,DE MARCHI SÃO PAULO
67945071208715,DE MARCHI SÃO PAULO
69944973000185,DE MARCHI SÃO PAULO
69954279000149,DE MARCHI SÃO PAULO
69958817000173,DE MARCHI SÃO PAULO
69963536000109,DE MARCHI SÃO PAULO
70055348000161,DE MARCHI SÃO PAULO
70091657000197,DE MARCHI SÃO PAULO
70174925000134,DE MARCHI SÃO PAULO
70176060000145,DE MARCHI SÃO PAULO
70183199000116,DE MARCHI SÃO PAULO
70206750000108,DE MARCHI SÃO PAULO
70209960000141,DE MARCHI SÃO PAULO
70237144000141,DE MARCHI SÃO PAULO
97422620000150,DE MARCHI SÃO PAULO
97422620014534,DE MARCHI SÃO PAULO
97422620014615,DE MARCHI SÃO PAULO
97535525000163,DE MARCHI SÃO PAULO
